store_id,product_id,quantity,stock_status,is_low_stock,product_name,brand_name,category_name,list_price,inventory_value
1,1,27,Healthy Stock,False,Trek 820 - 2016,Trek,Mountain Bikes,379.99,10259.73
1,2,5,Low Stock,True,Ritchey Timberwolf Frameset - 2016,Ritchey,Mountain Bikes,749.99,3749.95
1,3,6,Moderate Stock,False,Surly Wednesday Frameset - 2016,Surly,Mountain Bikes,999.99,5999.9400000000005
1,4,23,Healthy Stock,False,Trek Fuel EX 8 29 - 2016,Trek,Mountain Bikes,2899.99,66699.76999999999
1,5,22,Healthy Stock,False,Heller Shagamaw Frame - 2016,Heller,Mountain Bikes,1320.99,29061.78
1,6,0,Out of Stock,True,Surly Ice Cream Truck Frameset - 2016,Surly,Mountain Bikes,469.99,0.0
1,7,8,Moderate Stock,False,Trek Slash 8 27.5 - 2016,Trek,Mountain Bikes,3999.99,31999.92
1,8,0,Out of Stock,True,Trek Remedy 29 Carbon Frameset - 2016,Trek,Mountain Bikes,1799.99,0.0
1,9,11,Moderate Stock,False,Trek Conduit+ - 2016,Trek,Electric Bikes,2999.99,32999.89
1,10,15,Moderate Stock,False,Surly Straggler - 2016,Surly,Cyclocross Bicycles,1549.0,23235.0
1,11,8,Moderate Stock,False,Surly Straggler 650b - 2016,Surly,Cyclocross Bicycles,1680.99,13447.92
1,12,16,Moderate Stock,False,Electra Townie Original 21D - 2016,Electra,Cruisers Bicycles,549.99,8799.84
1,13,13,Moderate Stock,False,Electra Cruiser 1 (24-Inch) - 2016,Electra,Cruisers Bicycles,269.99,3509.87
1,14,8,Moderate Stock,False,Electra Girl's Hawaii 1 (16-inch) - 2015/2016,Electra,Cruisers Bicycles,269.99,2159.92
1,15,3,Low Stock,True,Electra Moto 1 - 2016,Electra,Cruisers Bicycles,529.99,1589.97
1,16,4,Low Stock,True,Electra Townie Original 7D EQ - 2016,Electra,Cruisers Bicycles,599.99,2399.96
1,17,2,Low Stock,True,Pure Cycles Vine 8-Speed - 2016,Pure Cycles,Cruisers Bicycles,429.0,858.0
1,18,16,Moderate Stock,False,Pure Cycles Western 3-Speed - Women's - 2015/2016,Pure Cycles,Cruisers Bicycles,449.0,7184.0
1,19,4,Low Stock,True,Pure Cycles William 3-Speed - 2016,Pure Cycles,Cruisers Bicycles,449.0,1796.0
1,20,26,Healthy Stock,False,Electra Townie Original 7D EQ - Women's - 2016,Electra,Cruisers Bicycles,599.99,15599.74
1,21,24,Healthy Stock,False,Electra Cruiser 1 (24-Inch) - 2016,Electra,Children Bicycles,269.99,6479.76
1,22,29,Healthy Stock,False,Electra Girl's Hawaii 1 (16-inch) - 2015/2016,Electra,Children Bicycles,269.99,7829.71
1,23,9,Moderate Stock,False,Electra Girl's Hawaii 1 (20-inch) - 2015/2016,Electra,Children Bicycles,299.99,2699.91
1,24,10,Moderate Stock,False,Electra Townie Original 21D - 2016,Electra,Comfort Bicycles,549.99,5499.9
1,25,10,Moderate Stock,False,Electra Townie Original 7D - 2015/2016,Electra,Comfort Bicycles,499.99,4999.9
1,26,16,Moderate Stock,False,Electra Townie Original 7D EQ - 2016,Electra,Comfort Bicycles,599.99,9599.84
1,27,21,Healthy Stock,False,Surly Big Dummy Frameset - 2017,Surly,Mountain Bikes,999.99,20999.79
1,28,20,Healthy Stock,False,Surly Karate Monkey 27.5+ Frameset - 2017,Surly,Mountain Bikes,2499.99,49999.799999999996
1,29,13,Moderate Stock,False,Trek X-Caliber 8 - 2017,Trek,Mountain Bikes,999.99,12999.87
1,30,30,Healthy Stock,False,Surly Ice Cream Truck Frameset - 2017,Surly,Mountain Bikes,999.99,29999.7
1,31,2,Low Stock,True,Surly Wednesday - 2017,Surly,Mountain Bikes,1632.99,3265.98
1,32,0,Out of Stock,True,Trek Farley Alloy Frameset - 2017,Trek,Mountain Bikes,469.99,0.0
1,33,10,Moderate Stock,False,Surly Wednesday Frameset - 2017,Surly,Mountain Bikes,469.99,4699.9
1,34,2,Low Stock,True,Trek Session DH 27.5 Carbon Frameset - 2017,Trek,Mountain Bikes,469.99,939.98
1,35,18,Moderate Stock,False,Sun Bicycles Spider 3i - 2017,Sun Bicycles,Mountain Bikes,832.99,14993.82
1,36,26,Healthy Stock,False,Surly Troll Frameset - 2017,Surly,Mountain Bikes,832.99,21657.74
1,37,12,Moderate Stock,False,Haro Flightline One ST - 2017,Haro,Mountain Bikes,379.99,4559.88
1,38,13,Moderate Stock,False,Haro Flightline Two 26 Plus - 2017,Haro,Mountain Bikes,549.99,7149.87
1,39,2,Low Stock,True,Trek Stache 5 - 2017,Trek,Mountain Bikes,1499.99,2999.98
1,40,24,Healthy Stock,False,Trek Fuel EX 9.8 29 - 2017,Trek,Mountain Bikes,4999.99,119999.76
1,41,10,Moderate Stock,False,Haro Shift R3 - 2017,Haro,Mountain Bikes,1469.99,14699.9
1,42,0,Out of Stock,True,Trek Fuel EX 5 27.5 Plus - 2017,Trek,Mountain Bikes,2299.99,0.0
1,43,2,Low Stock,True,Trek Fuel EX 9.8 27.5 Plus - 2017,Trek,Mountain Bikes,5299.99,10599.98
1,44,1,Low Stock,True,Haro SR 1.1 - 2017,Haro,Mountain Bikes,539.99,539.99
1,45,15,Moderate Stock,False,Haro SR 1.2 - 2017,Haro,Mountain Bikes,869.99,13049.85
1,46,19,Moderate Stock,False,Haro SR 1.3 - 2017,Haro,Mountain Bikes,1409.99,26789.81
1,47,21,Healthy Stock,False,Trek Remedy 9.8 - 2017,Trek,Mountain Bikes,5299.99,111299.79
1,48,5,Low Stock,True,Trek Emonda S 4 - 2017,Trek,Road Bikes,1499.99,7499.95
1,49,8,Moderate Stock,False,Trek Domane SL 6 - 2017,Trek,Road Bikes,3499.99,27999.92
1,50,29,Healthy Stock,False,Trek Silque SLR 7 Women's - 2017,Trek,Road Bikes,5999.99,173999.71
1,51,2,Low Stock,True,Trek Silque SLR 8 Women's - 2017,Trek,Road Bikes,6499.99,12999.98
1,52,18,Moderate Stock,False,Surly Steamroller - 2017,Surly,Road Bikes,875.99,15767.82
1,53,17,Moderate Stock,False,Surly Ogre Frameset - 2017,Surly,Road Bikes,749.99,12749.83
1,54,11,Moderate Stock,False,Trek Domane SL Disc Frameset - 2017,Trek,Road Bikes,3199.99,35199.89
1,55,11,Moderate Stock,False,Trek Domane S 6 - 2017,Trek,Road Bikes,2699.99,29699.89
1,56,15,Moderate Stock,False,Trek Domane SLR 6 Disc - 2017,Trek,Road Bikes,5499.99,82499.84999999999
1,57,1,Low Stock,True,Trek Emonda S 5 - 2017,Trek,Road Bikes,1999.99,1999.99
1,58,1,Low Stock,True,Trek Madone 9.2 - 2017,Trek,Road Bikes,4999.99,4999.99
1,59,22,Healthy Stock,False,Trek Domane S 5 Disc - 2017,Trek,Road Bikes,2599.99,57199.78
1,60,19,Moderate Stock,False,Sun Bicycles ElectroLite - 2017,Sun Bicycles,Electric Bikes,1559.99,29639.81
1,61,30,Healthy Stock,False,Trek Powerfly 8 FS Plus - 2017,Trek,Electric Bikes,4999.99,149999.69999999998
1,62,21,Healthy Stock,False,Trek Boone 7 - 2017,Trek,Cyclocross Bicycles,3499.99,73499.79
1,63,4,Low Stock,True,Trek Boone Race Shop Limited - 2017,Trek,Cyclocross Bicycles,3499.99,13999.96
1,64,30,Healthy Stock,False,Electra Townie Original 7D - 2017,Electra,Cruisers Bicycles,489.99,14699.7
1,65,10,Moderate Stock,False,Sun Bicycles Lil Bolt Type-R - 2017,Sun Bicycles,Cruisers Bicycles,346.99,3469.9
1,66,12,Moderate Stock,False,Sun Bicycles Revolutions 24 - 2017,Sun Bicycles,Cruisers Bicycles,250.99,3011.88
1,67,19,Moderate Stock,False,Sun Bicycles Revolutions 24 - Girl's - 2017,Sun Bicycles,Cruisers Bicycles,250.99,4768.81
1,68,30,Healthy Stock,False,Sun Bicycles Cruz 3 - 2017,Sun Bicycles,Cruisers Bicycles,449.99,13499.7
1,69,4,Low Stock,True,Sun Bicycles Cruz 7 - 2017,Sun Bicycles,Cruisers Bicycles,416.99,1667.96
1,70,3,Low Stock,True,Electra Amsterdam Original 3i - 2015/2017,Electra,Cruisers Bicycles,659.99,1979.97
1,71,25,Healthy Stock,False,Sun Bicycles Atlas X-Type - 2017,Sun Bicycles,Cruisers Bicycles,416.99,10424.75
1,72,9,Moderate Stock,False,Sun Bicycles Biscayne Tandem 7 - 2017,Sun Bicycles,Cruisers Bicycles,619.99,5579.91
1,73,7,Moderate Stock,False,Sun Bicycles Brickell Tandem 7 - 2017,Sun Bicycles,Cruisers Bicycles,749.99,5249.93
1,74,9,Moderate Stock,False,Electra Cruiser Lux 1 - 2017,Electra,Cruisers Bicycles,439.99,3959.91
1,75,23,Healthy Stock,False,Electra Cruiser Lux Fat Tire 1 Ladies - 2017,Electra,Cruisers Bicycles,599.99,13799.77
1,76,15,Moderate Stock,False,"Electra Girl's Hawaii 1 16"" - 2017",Electra,Cruisers Bicycles,299.99,4499.85
1,77,16,Moderate Stock,False,Electra Glam Punk 3i Ladies' - 2017,Electra,Cruisers Bicycles,799.99,12799.84
1,78,13,Moderate Stock,False,Sun Bicycles Biscayne Tandem CB - 2017,Sun Bicycles,Cruisers Bicycles,647.99,8423.87
1,79,13,Moderate Stock,False,Sun Bicycles Boardwalk (24-inch Wheels) - 2017,Sun Bicycles,Cruisers Bicycles,402.99,5238.87
1,80,11,Moderate Stock,False,Sun Bicycles Brickell Tandem CB - 2017,Sun Bicycles,Cruisers Bicycles,761.99,8381.89
1,81,25,Healthy Stock,False,Electra Amsterdam Fashion 7i Ladies' - 2017,Electra,Cruisers Bicycles,1099.99,27499.75
1,82,1,Low Stock,True,Electra Amsterdam Original 3i Ladies' - 2017,Electra,Cruisers Bicycles,659.99,659.99
1,83,13,Moderate Stock,False,Trek Boy's Kickster - 2015/2017,Trek,Children Bicycles,149.99,1949.8700000000001
1,84,11,Moderate Stock,False,Sun Bicycles Lil Kitt'n - 2017,Sun Bicycles,Children Bicycles,109.99,1209.8899999999999
1,85,23,Healthy Stock,False,Haro Downtown 16 - 2017,Haro,Children Bicycles,329.99,7589.77
1,86,19,Moderate Stock,False,Trek Girl's Kickster - 2017,Trek,Children Bicycles,149.99,2849.8100000000004
1,87,27,Healthy Stock,False,Trek Precaliber 12 Boys - 2017,Trek,Children Bicycles,189.99,5129.7300000000005
1,88,7,Moderate Stock,False,Trek Precaliber 12 Girls - 2017,Trek,Children Bicycles,189.99,1329.93
1,89,9,Moderate Stock,False,Trek Precaliber 16 Boys - 2017,Trek,Children Bicycles,209.99,1889.91
1,90,4,Low Stock,True,Trek Precaliber 16 Girls - 2017,Trek,Children Bicycles,209.99,839.96
1,91,8,Moderate Stock,False,Trek Precaliber 24 (21-Speed) - Girls - 2017,Trek,Children Bicycles,349.99,2799.92
1,92,0,Out of Stock,True,Haro Shredder 20 - 2017,Haro,Children Bicycles,209.99,0.0
1,93,22,Healthy Stock,False,Haro Shredder 20 Girls - 2017,Haro,Children Bicycles,209.99,4619.780000000001
1,94,6,Moderate Stock,False,Haro Shredder Pro 20 - 2017,Haro,Children Bicycles,249.99,1499.94
1,95,25,Healthy Stock,False,"Electra Girl's Hawaii 1 16"" - 2017",Electra,Children Bicycles,299.99,7499.75
1,96,20,Healthy Stock,False,Electra Moto 3i (20-inch) - Boy's - 2017,Electra,Children Bicycles,349.99,6999.8
1,97,20,Healthy Stock,False,Electra Savannah 3i (20-inch) - Girl's - 2017,Electra,Children Bicycles,349.99,6999.8
1,98,28,Healthy Stock,False,Electra Straight 8 3i (20-inch) - Boy's - 2017,Electra,Children Bicycles,489.99,13719.720000000001
1,99,28,Healthy Stock,False,Electra Sugar Skulls 1 (20-inch) - Girl's - 2017,Electra,Children Bicycles,299.99,8399.720000000001
1,100,15,Moderate Stock,False,Electra Townie 3i EQ (20-inch) - Boys' - 2017,Electra,Children Bicycles,489.99,7349.85
1,101,17,Moderate Stock,False,Electra Townie 7D (20-inch) - Boys' - 2017,Electra,Children Bicycles,339.99,5779.83
1,102,9,Moderate Stock,False,Electra Townie Original 7D - 2017,Electra,Comfort Bicycles,489.99,4409.91
1,103,13,Moderate Stock,False,Sun Bicycles Streamway 3 - 2017,Sun Bicycles,Comfort Bicycles,551.99,7175.87
1,104,25,Healthy Stock,False,Sun Bicycles Streamway - 2017,Sun Bicycles,Comfort Bicycles,481.99,12049.75
1,105,7,Moderate Stock,False,Sun Bicycles Streamway 7 - 2017,Sun Bicycles,Comfort Bicycles,533.99,3737.9300000000003
1,106,30,Healthy Stock,False,Sun Bicycles Cruz 3 - 2017,Sun Bicycles,Comfort Bicycles,449.99,13499.7
1,107,20,Healthy Stock,False,Sun Bicycles Cruz 7 - 2017,Sun Bicycles,Comfort Bicycles,416.99,8339.8
1,108,15,Moderate Stock,False,Sun Bicycles Cruz 3 - Women's - 2017,Sun Bicycles,Comfort Bicycles,449.99,6749.85
1,109,30,Healthy Stock,False,Sun Bicycles Cruz 7 - Women's - 2017,Sun Bicycles,Comfort Bicycles,416.99,12509.7
1,110,1,Low Stock,True,Sun Bicycles Drifter 7 - 2017,Sun Bicycles,Comfort Bicycles,470.99,470.99
1,111,11,Moderate Stock,False,Sun Bicycles Drifter 7 - Women's - 2017,Sun Bicycles,Comfort Bicycles,470.99,5180.89
1,112,17,Moderate Stock,False,Trek 820 - 2018,Trek,Mountain Bikes,379.99,6459.83
1,113,24,Healthy Stock,False,Trek Marlin 5 - 2018,Trek,Mountain Bikes,489.99,11759.76
1,114,3,Low Stock,True,Trek Marlin 6 - 2018,Trek,Mountain Bikes,579.99,1739.97
1,115,10,Moderate Stock,False,Trek Fuel EX 8 29 - 2018,Trek,Mountain Bikes,3199.99,31999.899999999998
1,116,24,Healthy Stock,False,Trek Marlin 7 - 2017/2018,Trek,Mountain Bikes,749.99,17999.760000000002
1,117,15,Moderate Stock,False,Trek Ticket S Frame - 2018,Trek,Mountain Bikes,1469.99,22049.85
1,118,12,Moderate Stock,False,Trek X-Caliber 8 - 2018,Trek,Mountain Bikes,999.99,11999.880000000001
1,119,17,Moderate Stock,False,Trek Kids' Neko - 2018,Trek,Mountain Bikes,469.99,7989.83
1,120,23,Healthy Stock,False,Trek Fuel EX 7 29 - 2018,Trek,Mountain Bikes,2499.99,57499.77
1,121,19,Moderate Stock,False,Surly Krampus Frameset - 2018,Surly,Mountain Bikes,2499.99,47499.81
1,122,22,Healthy Stock,False,Surly Troll Frameset - 2018,Surly,Mountain Bikes,2499.99,54999.78
1,123,8,Moderate Stock,False,Trek Farley Carbon Frameset - 2018,Trek,Mountain Bikes,999.99,7999.92
1,124,23,Healthy Stock,False,Surly Krampus - 2018,Surly,Mountain Bikes,1499.0,34477.0
1,125,22,Healthy Stock,False,Trek Kids' Dual Sport - 2018,Trek,Mountain Bikes,469.99,10339.78
1,126,28,Healthy Stock,False,Surly Big Fat Dummy Frameset - 2018,Surly,Mountain Bikes,469.99,13159.720000000001
1,127,12,Moderate Stock,False,Surly Pack Rat Frameset - 2018,Surly,Mountain Bikes,469.99,5639.88
1,128,11,Moderate Stock,False,Surly ECR 27.5 - 2018,Surly,Mountain Bikes,1899.0,20889.0
1,129,21,Healthy Stock,False,Trek X-Caliber 7 - 2018,Trek,Mountain Bikes,919.99,19319.79
1,130,22,Healthy Stock,False,Trek Stache Carbon Frameset - 2018,Trek,Mountain Bikes,919.99,20239.78
1,131,20,Healthy Stock,False,Heller Bloodhound Trail - 2018,Heller,Mountain Bikes,2599.0,51980.0
1,132,1,Low Stock,True,Trek Procal AL Frameset - 2018,Trek,Mountain Bikes,1499.99,1499.99
1,133,9,Moderate Stock,False,Trek Procaliber Frameset - 2018,Trek,Mountain Bikes,1499.99,13499.91
1,134,26,Healthy Stock,False,Trek Remedy 27.5 C Frameset - 2018,Trek,Mountain Bikes,1499.99,38999.74
1,135,15,Moderate Stock,False,Trek X-Caliber Frameset - 2018,Trek,Mountain Bikes,1499.99,22499.85
1,136,12,Moderate Stock,False,Trek Procaliber 6 - 2018,Trek,Mountain Bikes,1799.99,21599.88
1,137,12,Moderate Stock,False,Heller Shagamaw GX1 - 2018,Heller,Mountain Bikes,2599.0,31188.0
1,138,6,Moderate Stock,False,Trek Fuel EX 5 Plus - 2018,Trek,Mountain Bikes,2249.99,13499.939999999999
1,139,17,Moderate Stock,False,Trek Remedy 7 27.5 - 2018,Trek,Mountain Bikes,2999.99,50999.829999999994
1,140,3,Low Stock,True,Trek Remedy 9.8 27.5 - 2018,Trek,Mountain Bikes,4999.99,14999.97
1,141,21,Healthy Stock,False,Trek Stache 5 - 2018,Trek,Mountain Bikes,1599.99,33599.79
1,142,22,Healthy Stock,False,Trek Fuel EX 8 29 XT - 2018,Trek,Mountain Bikes,3199.99,70399.78
1,143,19,Moderate Stock,False,Trek Domane ALR 3 - 2018,Trek,Road Bikes,1099.99,20899.81
1,144,7,Moderate Stock,False,Trek Domane ALR 4 Disc - 2018,Trek,Road Bikes,1549.99,10849.93
1,145,5,Low Stock,True,Trek Domane ALR 5 Disc - 2018,Trek,Road Bikes,1799.99,8999.95
1,146,6,Moderate Stock,False,Trek Domane SLR 6 - 2018,Trek,Road Bikes,4999.99,29999.94
1,147,8,Moderate Stock,False,Trek Domane ALR 5 Gravel - 2018,Trek,Road Bikes,1799.99,14399.92
1,148,6,Moderate Stock,False,Trek Domane SL 8 Disc - 2018,Trek,Road Bikes,5499.99,32999.94
1,149,1,Low Stock,True,Trek Domane SLR 8 Disc - 2018,Trek,Road Bikes,7499.99,7499.99
1,150,22,Healthy Stock,False,Trek Emonda SL 7 - 2018,Trek,Road Bikes,4499.99,98999.78
1,151,24,Healthy Stock,False,Trek Domane ALR 4 Disc Women's - 2018,Trek,Road Bikes,1549.99,37199.76
1,152,12,Moderate Stock,False,Trek Domane SL 5 Disc Women's - 2018,Trek,Road Bikes,2499.99,29999.879999999997
1,153,25,Healthy Stock,False,Trek Domane SL 7 Women's - 2018,Trek,Road Bikes,4999.99,124999.75
1,154,13,Moderate Stock,False,Trek Domane SLR 6 Disc Women's - 2018,Trek,Road Bikes,5499.99,71499.87
1,155,8,Moderate Stock,False,Trek Domane SLR 9 Disc - 2018,Trek,Road Bikes,11999.99,95999.92
1,156,13,Moderate Stock,False,Trek Domane SL Frameset - 2018,Trek,Road Bikes,6499.99,84499.87
1,157,25,Healthy Stock,False,Trek Domane SL Frameset Women's - 2018,Trek,Road Bikes,6499.99,162499.75
1,158,11,Moderate Stock,False,Trek CrossRip 1 - 2018,Trek,Road Bikes,959.99,10559.89
1,159,18,Moderate Stock,False,Trek Emonda ALR 6 - 2018,Trek,Road Bikes,2299.99,41399.81999999999
1,160,0,Out of Stock,True,Trek Emonda SLR 6 - 2018,Trek,Road Bikes,4499.99,0.0
1,161,17,Moderate Stock,False,Surly ECR - 2018,Surly,Road Bikes,1899.0,32283.0
1,162,14,Moderate Stock,False,Trek Emonda SL 6 Disc - 2018,Trek,Road Bikes,2999.99,41999.86
1,163,0,Out of Stock,True,Surly Pack Rat - 2018,Surly,Road Bikes,1349.0,0.0
1,164,15,Moderate Stock,False,Surly Straggler 650b - 2018,Surly,Road Bikes,1549.0,23235.0
1,165,16,Moderate Stock,False,Trek 1120 - 2018,Trek,Road Bikes,2499.99,39999.84
1,166,23,Healthy Stock,False,Trek Domane AL 2 Women's - 2018,Trek,Road Bikes,749.99,17249.77
1,167,28,Healthy Stock,False,Surly ECR Frameset - 2018,Surly,Road Bikes,749.99,20999.72
1,168,0,Out of Stock,True,Surly Straggler - 2018,Surly,Road Bikes,1549.0,0.0
1,169,25,Healthy Stock,False,Trek Emonda SLR 8 - 2018,Trek,Road Bikes,6499.99,162499.75
1,170,14,Moderate Stock,False,Trek CrossRip 2 - 2018,Trek,Road Bikes,1299.99,18199.86
1,171,3,Low Stock,True,Trek Domane SL 6 - 2018,Trek,Road Bikes,3199.99,9599.97
1,172,3,Low Stock,True,Trek Domane ALR Disc Frameset - 2018,Trek,Road Bikes,3199.99,9599.97
1,173,2,Low Stock,True,Trek Domane ALR Frameset - 2018,Trek,Road Bikes,3199.99,6399.98
1,174,26,Healthy Stock,False,Trek Domane SLR Disc Frameset - 2018,Trek,Road Bikes,3199.99,83199.73999999999
1,175,2,Low Stock,True,Trek Domane SLR Frameset - 2018,Trek,Road Bikes,3199.99,6399.98
1,176,11,Moderate Stock,False,Trek Madone 9 Frameset - 2018,Trek,Road Bikes,3199.99,35199.89
1,177,19,Moderate Stock,False,Trek Domane SLR 6 Disc - 2018,Trek,Road Bikes,5499.99,104499.81
1,178,23,Healthy Stock,False,Trek Domane AL 2 - 2018,Trek,Road Bikes,749.99,17249.77
1,179,16,Moderate Stock,False,Trek Domane AL 3 - 2018,Trek,Road Bikes,919.99,14719.84
1,180,5,Low Stock,True,Trek Domane AL 3 Women's - 2018,Trek,Road Bikes,919.99,4599.95
1,181,19,Moderate Stock,False,Trek Domane SL 5 - 2018,Trek,Road Bikes,2199.99,41799.81
1,182,28,Healthy Stock,False,Trek Domane SL 5 Disc - 2018,Trek,Road Bikes,2499.99,69999.72
1,183,11,Moderate Stock,False,Trek Domane SL 5 Women's - 2018,Trek,Road Bikes,2199.99,24199.89
1,184,4,Low Stock,True,Trek Domane SL 6 Disc - 2018,Trek,Road Bikes,3499.99,13999.96
1,185,3,Low Stock,True,Trek Conduit+ - 2018,Trek,Electric Bikes,2799.99,8399.97
1,186,1,Low Stock,True,Trek CrossRip+ - 2018,Trek,Electric Bikes,4499.99,4499.99
1,187,16,Moderate Stock,False,Trek Neko+ - 2018,Trek,Electric Bikes,2799.99,44799.84
1,188,30,Healthy Stock,False,Trek XM700+ Lowstep - 2018,Trek,Electric Bikes,3499.99,104999.7
1,189,6,Moderate Stock,False,Trek Lift+ Lowstep - 2018,Trek,Electric Bikes,2799.99,16799.94
1,190,21,Healthy Stock,False,Trek Dual Sport+ - 2018,Trek,Electric Bikes,2799.99,58799.78999999999
1,191,21,Healthy Stock,False,Electra Loft Go! 8i - 2018,Electra,Electric Bikes,2799.99,58799.78999999999
1,192,20,Healthy Stock,False,Electra Townie Go! 8i - 2017/2018,Electra,Electric Bikes,2599.99,51999.799999999996
1,193,30,Healthy Stock,False,Trek Lift+ - 2018,Trek,Electric Bikes,2799.99,83999.7
1,194,24,Healthy Stock,False,Trek XM700+ - 2018,Trek,Electric Bikes,3499.99,83999.76
1,195,1,Low Stock,True,Electra Townie Go! 8i Ladies' - 2018,Electra,Electric Bikes,2599.99,2599.99
1,196,26,Healthy Stock,False,Trek Verve+ - 2018,Trek,Electric Bikes,2299.99,59799.73999999999
1,197,22,Healthy Stock,False,Trek Verve+ Lowstep - 2018,Trek,Electric Bikes,2299.99,50599.78
1,198,1,Low Stock,True,Electra Townie Commute Go! - 2018,Electra,Electric Bikes,2999.99,2999.99
1,199,2,Low Stock,True,Electra Townie Commute Go! Ladies' - 2018,Electra,Electric Bikes,2999.99,5999.98
1,200,27,Healthy Stock,False,Trek Powerfly 5 - 2018,Trek,Electric Bikes,3499.99,94499.73
1,201,16,Moderate Stock,False,Trek Powerfly 5 FS - 2018,Trek,Electric Bikes,4499.99,71999.84
1,202,5,Low Stock,True,Trek Powerfly 5 Women's - 2018,Trek,Electric Bikes,3499.99,17499.949999999997
1,203,4,Low Stock,True,Trek Powerfly 7 FS - 2018,Trek,Electric Bikes,4999.99,19999.96
1,204,23,Healthy Stock,False,Trek Super Commuter+ 7 - 2018,Trek,Electric Bikes,3599.99,82799.76999999999
1,205,9,Moderate Stock,False,Trek Super Commuter+ 8S - 2018,Trek,Electric Bikes,4999.99,44999.909999999996
1,206,10,Moderate Stock,False,Trek Boone 5 Disc - 2018,Trek,Cyclocross Bicycles,3299.99,32999.899999999994
1,207,27,Healthy Stock,False,Trek Boone 7 Disc - 2018,Trek,Cyclocross Bicycles,3999.99,107999.73
1,208,13,Moderate Stock,False,Trek Crockett 5 Disc - 2018,Trek,Cyclocross Bicycles,1799.99,23399.87
1,209,22,Healthy Stock,False,Trek Crockett 7 Disc - 2018,Trek,Cyclocross Bicycles,2999.99,65999.78
1,210,25,Healthy Stock,False,Surly Straggler - 2018,Surly,Cyclocross Bicycles,1549.0,38725.0
1,211,13,Moderate Stock,False,Surly Straggler 650b - 2018,Surly,Cyclocross Bicycles,1549.0,20137.0
1,212,17,Moderate Stock,False,Electra Townie Original 21D - 2018,Electra,Cruisers Bicycles,559.99,9519.83
1,213,14,Moderate Stock,False,Electra Cruiser 1 - 2016/2017/2018,Electra,Cruisers Bicycles,269.99,3779.86
1,214,4,Low Stock,True,Electra Tiger Shark 3i - 2018,Electra,Cruisers Bicycles,899.99,3599.96
1,215,1,Low Stock,True,Electra Queen of Hearts 3i - 2018,Electra,Cruisers Bicycles,749.99,749.99
1,216,11,Moderate Stock,False,Electra Super Moto 8i - 2018,Electra,Cruisers Bicycles,899.99,9899.89
1,217,11,Moderate Stock,False,Electra Straight 8 3i - 2018,Electra,Cruisers Bicycles,909.99,10009.89
1,218,27,Healthy Stock,False,Electra Cruiser 7D - 2016/2017/2018,Electra,Cruisers Bicycles,319.99,8639.73
1,219,30,Healthy Stock,False,Electra Moto 3i - 2018,Electra,Cruisers Bicycles,639.99,19199.7
1,220,4,Low Stock,True,Electra Cruiser 1 Ladies' - 2018,Electra,Cruisers Bicycles,269.99,1079.96
1,221,7,Moderate Stock,False,Electra Cruiser 7D Ladies' - 2016/2018,Electra,Cruisers Bicycles,319.99,2239.9300000000003
1,222,12,Moderate Stock,False,Electra Cruiser 1 Tall - 2016/2018,Electra,Cruisers Bicycles,269.99,3239.88
1,223,3,Low Stock,True,Electra Cruiser Lux 3i - 2018,Electra,Cruisers Bicycles,529.99,1589.97
1,224,16,Moderate Stock,False,Electra Cruiser Lux 7D - 2018,Electra,Cruisers Bicycles,479.99,7679.84
1,225,24,Healthy Stock,False,Electra Delivery 3i - 2016/2017/2018,Electra,Cruisers Bicycles,959.99,23039.760000000002
1,226,18,Moderate Stock,False,Electra Townie Original 21D EQ - 2017/2018,Electra,Cruisers Bicycles,679.99,12239.82
1,227,19,Moderate Stock,False,Electra Cruiser 7D (24-Inch) Ladies' - 2016/2018,Electra,Cruisers Bicycles,319.99,6079.81
1,228,22,Healthy Stock,False,Electra Cruiser 7D Tall - 2016/2018,Electra,Cruisers Bicycles,319.99,7039.780000000001
1,229,27,Healthy Stock,False,Electra Cruiser Lux 1 - 2016/2018,Electra,Cruisers Bicycles,429.99,11609.73
1,230,7,Moderate Stock,False,Electra Cruiser Lux 1 Ladies' - 2018,Electra,Cruisers Bicycles,429.99,3009.9300000000003
1,231,25,Healthy Stock,False,Electra Cruiser Lux 3i Ladies' - 2018,Electra,Cruisers Bicycles,529.99,13249.75
1,232,5,Low Stock,True,Electra Cruiser Lux 7D Ladies' - 2018,Electra,Cruisers Bicycles,479.99,2399.95
1,233,5,Low Stock,True,Electra Cruiser Lux Fat Tire 7D - 2018,Electra,Cruisers Bicycles,639.99,3199.95
1,234,13,Moderate Stock,False,Electra Daydreamer 3i Ladies' - 2018,Electra,Cruisers Bicycles,899.99,11699.87
1,235,7,Moderate Stock,False,Electra Koa 3i Ladies' - 2018,Electra,Cruisers Bicycles,899.99,6299.93
1,236,18,Moderate Stock,False,Electra Morningstar 3i Ladies' - 2018,Electra,Cruisers Bicycles,749.99,13499.82
1,237,26,Healthy Stock,False,Electra Relic 3i - 2018,Electra,Cruisers Bicycles,849.99,22099.74
1,238,20,Healthy Stock,False,Electra Townie Balloon 8D EQ - 2016/2017/2018,Electra,Cruisers Bicycles,749.99,14999.8
1,239,28,Healthy Stock,False,Electra Townie Balloon 8D EQ Ladies' - 2016/2017/2018,Electra,Cruisers Bicycles,749.99,20999.72
1,240,17,Moderate Stock,False,Electra Townie Commute 27D Ladies - 2018,Electra,Cruisers Bicycles,899.99,15299.83
1,241,17,Moderate Stock,False,Electra Townie Commute 8D - 2018,Electra,Cruisers Bicycles,749.99,12749.83
1,242,10,Moderate Stock,False,Electra Townie Commute 8D Ladies' - 2018,Electra,Cruisers Bicycles,699.99,6999.9
1,243,11,Moderate Stock,False,Electra Townie Original 21D EQ Ladies' - 2018,Electra,Cruisers Bicycles,679.99,7479.89
1,244,10,Moderate Stock,False,Electra Townie Original 21D Ladies' - 2018,Electra,Cruisers Bicycles,559.99,5599.9
1,245,3,Low Stock,True,Electra Townie Original 3i EQ - 2017/2018,Electra,Cruisers Bicycles,659.99,1979.97
1,246,0,Out of Stock,True,Electra Townie Original 3i EQ Ladies' - 2018,Electra,Cruisers Bicycles,639.99,0.0
1,247,15,Moderate Stock,False,Electra Townie Original 7D EQ - 2018,Electra,Cruisers Bicycles,599.99,8999.85
1,248,14,Moderate Stock,False,Electra Townie Original 7D EQ Ladies' - 2017/2018,Electra,Cruisers Bicycles,599.99,8399.86
1,249,27,Healthy Stock,False,Electra White Water 3i - 2018,Electra,Cruisers Bicycles,749.99,20249.73
1,250,3,Low Stock,True,Electra Townie Go! 8i - 2017/2018,Electra,Cruisers Bicycles,2599.99,7799.969999999999
1,251,2,Low Stock,True,Electra Townie Commute Go! - 2018,Electra,Cruisers Bicycles,2999.99,5999.98
1,252,28,Healthy Stock,False,Electra Townie Commute Go! Ladies' - 2018,Electra,Cruisers Bicycles,2999.99,83999.72
1,253,16,Moderate Stock,False,Electra Townie Go! 8i Ladies' - 2018,Electra,Cruisers Bicycles,2599.99,41599.84
1,254,24,Healthy Stock,False,Electra Townie Balloon 3i EQ - 2017/2018,Electra,Cruisers Bicycles,749.99,17999.760000000002
1,255,13,Moderate Stock,False,Electra Townie Balloon 7i EQ Ladies' - 2017/2018,Electra,Cruisers Bicycles,899.99,11699.87
1,256,20,Healthy Stock,False,Electra Townie Commute 27D - 2018,Electra,Cruisers Bicycles,899.99,17999.8
1,257,17,Moderate Stock,False,Electra Amsterdam Fashion 3i Ladies' - 2017/2018,Electra,Cruisers Bicycles,899.99,15299.83
1,258,25,Healthy Stock,False,Electra Amsterdam Royal 8i - 2017/2018,Electra,Cruisers Bicycles,1259.9,31497.500000000004
1,259,10,Moderate Stock,False,Electra Amsterdam Royal 8i Ladies - 2018,Electra,Cruisers Bicycles,1199.99,11999.9
1,260,20,Healthy Stock,False,Electra Townie Balloon 3i EQ Ladies' - 2018,Electra,Cruisers Bicycles,799.99,15999.8
1,261,3,Low Stock,True,Electra Townie Balloon 7i EQ - 2018,Electra,Cruisers Bicycles,899.99,2699.9700000000003
1,262,6,Moderate Stock,False,Trek MT 201 - 2018,Trek,Children Bicycles,249.99,1499.94
1,263,21,Healthy Stock,False,Strider Classic 12 Balance Bike - 2018,Strider,Children Bicycles,89.99,1889.79
1,264,16,Moderate Stock,False,Strider Sport 16 - 2018,Strider,Children Bicycles,249.99,3999.84
1,265,28,Healthy Stock,False,Strider Strider 20 Sport - 2018,Strider,Children Bicycles,289.99,8119.72
1,266,1,Low Stock,True,Trek Superfly 20 - 2018,Trek,Children Bicycles,399.99,399.99
1,267,27,Healthy Stock,False,Trek Precaliber 12 Girl's - 2018,Trek,Children Bicycles,199.99,5399.7300000000005
1,268,23,Healthy Stock,False,Trek Kickster - 2018,Trek,Children Bicycles,159.99,3679.7700000000004
1,269,22,Healthy Stock,False,Trek Precaliber 12 Boy's - 2018,Trek,Children Bicycles,199.99,4399.780000000001
1,270,16,Moderate Stock,False,Trek Precaliber 16 Boy's - 2018,Trek,Children Bicycles,209.99,3359.84
1,271,6,Moderate Stock,False,Trek Precaliber 16 Girl's - 2018,Trek,Children Bicycles,209.99,1259.94
1,272,14,Moderate Stock,False,Trek Precaliber 20 6-speed Boy's - 2018,Trek,Children Bicycles,289.99,4059.86
1,273,20,Healthy Stock,False,Trek Precaliber 20 6-speed Girl's - 2018,Trek,Children Bicycles,289.99,5799.8
1,274,19,Moderate Stock,False,Trek Precaliber 20 Boy's - 2018,Trek,Children Bicycles,229.99,4369.81
1,275,28,Healthy Stock,False,Trek Precaliber 20 Girl's - 2018,Trek,Children Bicycles,229.99,6439.72
1,276,7,Moderate Stock,False,Trek Precaliber 24 (7-Speed) - Boys - 2018,Trek,Children Bicycles,319.99,2239.9300000000003
1,277,13,Moderate Stock,False,Trek Precaliber 24 21-speed Boy's - 2018,Trek,Children Bicycles,369.99,4809.87
1,278,17,Moderate Stock,False,Trek Precaliber 24 21-speed Girl's - 2018,Trek,Children Bicycles,369.99,6289.83
1,279,17,Moderate Stock,False,Trek Precaliber 24 7-speed Girl's - 2018,Trek,Children Bicycles,319.99,5439.83
1,280,23,Healthy Stock,False,Trek Superfly 24 - 2017/2018,Trek,Children Bicycles,489.99,11269.77
1,281,11,Moderate Stock,False,Electra Cruiser 7D (24-Inch) Ladies' - 2016/2018,Electra,Children Bicycles,319.99,3519.8900000000003
1,282,6,Moderate Stock,False,Electra Cyclosaurus 1 (16-inch) - Boy's - 2018,Electra,Children Bicycles,279.99,1679.94
1,283,10,Moderate Stock,False,Electra Heartchya 1 (20-inch) - Girl's - 2018,Electra,Children Bicycles,319.99,3199.9
1,284,27,Healthy Stock,False,Electra Savannah 1 (20-inch) - Girl's - 2018,Electra,Children Bicycles,319.99,8639.73
1,285,20,Healthy Stock,False,Electra Soft Serve 1 (16-inch) - Girl's - 2018,Electra,Children Bicycles,279.99,5599.8
1,286,28,Healthy Stock,False,"Electra Starship 1 16"" - 2018",Electra,Children Bicycles,279.99,7839.72
1,287,2,Low Stock,True,Electra Straight 8 1 (16-inch) - Boy's - 2018,Electra,Children Bicycles,279.99,559.98
1,288,9,Moderate Stock,False,Electra Straight 8 1 (20-inch) - Boy's - 2018,Electra,Children Bicycles,389.99,3509.91
1,289,2,Low Stock,True,"Electra Superbolt 1 20"" - 2018",Electra,Children Bicycles,319.99,639.98
1,290,8,Moderate Stock,False,"Electra Superbolt 3i 20"" - 2018",Electra,Children Bicycles,369.99,2959.92
1,291,9,Moderate Stock,False,Electra Sweet Ride 1 (20-inch) - Girl's - 2018,Electra,Children Bicycles,319.99,2879.91
1,292,30,Healthy Stock,False,Electra Sweet Ride 3i (20-inch) - Girls' - 2018,Electra,Children Bicycles,369.99,11099.7
1,293,18,Moderate Stock,False,Electra Tiger Shark 1 (20-inch) - Boys' - 2018,Electra,Children Bicycles,319.99,5759.82
1,294,3,Low Stock,True,Electra Tiger Shark 3i (20-inch) - Boys' - 2018,Electra,Children Bicycles,369.99,1109.97
1,295,24,Healthy Stock,False,"Electra Treasure 1 20"" - 2018",Electra,Children Bicycles,319.99,7679.76
1,296,9,Moderate Stock,False,"Electra Treasure 3i 20"" - 2018",Electra,Children Bicycles,369.99,3329.91
1,297,22,Healthy Stock,False,"Electra Under-The-Sea 1 16"" - 2018",Electra,Children Bicycles,279.99,6159.780000000001
1,298,26,Healthy Stock,False,Electra Water Lily 1 (16-inch) - Girl's - 2018,Electra,Children Bicycles,279.99,7279.74
1,299,18,Moderate Stock,False,Electra Townie Original 21D - 2018,Electra,Comfort Bicycles,559.99,10079.82
1,300,7,Moderate Stock,False,Electra Townie Balloon 3i EQ Ladies' - 2018,Electra,Comfort Bicycles,799.99,5599.93
1,301,10,Moderate Stock,False,Electra Townie Balloon 7i EQ - 2018,Electra,Comfort Bicycles,899.99,8999.9
1,302,0,Out of Stock,True,Electra Townie Original 1 - 2018,Electra,Comfort Bicycles,449.99,0.0
1,303,12,Moderate Stock,False,Electra Townie Go! 8i - 2017/2018,Electra,Comfort Bicycles,2599.99,31199.879999999997
1,304,15,Moderate Stock,False,Electra Townie Original 21D EQ - 2017/2018,Electra,Comfort Bicycles,679.99,10199.85
1,305,23,Healthy Stock,False,Electra Townie Balloon 3i EQ - 2017/2018,Electra,Comfort Bicycles,749.99,17249.77
1,306,21,Healthy Stock,False,Electra Townie Balloon 7i EQ Ladies' - 2017/2018,Electra,Comfort Bicycles,899.99,18899.79
1,307,17,Moderate Stock,False,Electra Townie Balloon 8D EQ - 2016/2017/2018,Electra,Comfort Bicycles,749.99,12749.83
1,308,23,Healthy Stock,False,Electra Townie Balloon 8D EQ Ladies' - 2016/2017/2018,Electra,Comfort Bicycles,749.99,17249.77
1,309,7,Moderate Stock,False,Electra Townie Commute 27D - 2018,Electra,Comfort Bicycles,899.99,6299.93
1,310,18,Moderate Stock,False,Electra Townie Commute 27D Ladies - 2018,Electra,Comfort Bicycles,899.99,16199.82
1,311,20,Healthy Stock,False,Electra Townie Commute 8D - 2018,Electra,Comfort Bicycles,749.99,14999.8
1,312,23,Healthy Stock,False,Electra Townie Commute 8D Ladies' - 2018,Electra,Comfort Bicycles,699.99,16099.77
1,313,14,Moderate Stock,False,Electra Townie Original 1 Ladies' - 2018,Electra,Comfort Bicycles,449.99,6299.860000000001
2,1,14,Moderate Stock,False,Trek 820 - 2016,Trek,Mountain Bikes,379.99,5319.860000000001
2,2,16,Moderate Stock,False,Ritchey Timberwolf Frameset - 2016,Ritchey,Mountain Bikes,749.99,11999.84
2,3,28,Healthy Stock,False,Surly Wednesday Frameset - 2016,Surly,Mountain Bikes,999.99,27999.72
2,4,2,Low Stock,True,Trek Fuel EX 8 29 - 2016,Trek,Mountain Bikes,2899.99,5799.98
2,5,1,Low Stock,True,Heller Shagamaw Frame - 2016,Heller,Mountain Bikes,1320.99,1320.99
2,6,11,Moderate Stock,False,Surly Ice Cream Truck Frameset - 2016,Surly,Mountain Bikes,469.99,5169.89
2,7,8,Moderate Stock,False,Trek Slash 8 27.5 - 2016,Trek,Mountain Bikes,3999.99,31999.92
2,8,1,Low Stock,True,Trek Remedy 29 Carbon Frameset - 2016,Trek,Mountain Bikes,1799.99,1799.99
2,9,17,Moderate Stock,False,Trek Conduit+ - 2016,Trek,Electric Bikes,2999.99,50999.829999999994
2,10,13,Moderate Stock,False,Surly Straggler - 2016,Surly,Cyclocross Bicycles,1549.0,20137.0
2,11,21,Healthy Stock,False,Surly Straggler 650b - 2016,Surly,Cyclocross Bicycles,1680.99,35300.79
2,12,2,Low Stock,True,Electra Townie Original 21D - 2016,Electra,Cruisers Bicycles,549.99,1099.98
2,13,1,Low Stock,True,Electra Cruiser 1 (24-Inch) - 2016,Electra,Cruisers Bicycles,269.99,269.99
2,14,18,Moderate Stock,False,Electra Girl's Hawaii 1 (16-inch) - 2015/2016,Electra,Cruisers Bicycles,269.99,4859.82
2,15,6,Moderate Stock,False,Electra Moto 1 - 2016,Electra,Cruisers Bicycles,529.99,3179.94
2,16,20,Healthy Stock,False,Electra Townie Original 7D EQ - 2016,Electra,Cruisers Bicycles,599.99,11999.8
2,17,3,Low Stock,True,Pure Cycles Vine 8-Speed - 2016,Pure Cycles,Cruisers Bicycles,429.0,1287.0
2,18,13,Moderate Stock,False,Pure Cycles Western 3-Speed - Women's - 2015/2016,Pure Cycles,Cruisers Bicycles,449.0,5837.0
2,19,15,Moderate Stock,False,Pure Cycles William 3-Speed - 2016,Pure Cycles,Cruisers Bicycles,449.0,6735.0
2,20,20,Healthy Stock,False,Electra Townie Original 7D EQ - Women's - 2016,Electra,Cruisers Bicycles,599.99,11999.8
2,21,16,Moderate Stock,False,Electra Cruiser 1 (24-Inch) - 2016,Electra,Children Bicycles,269.99,4319.84
2,22,0,Out of Stock,True,Electra Girl's Hawaii 1 (16-inch) - 2015/2016,Electra,Children Bicycles,269.99,0.0
2,23,12,Moderate Stock,False,Electra Girl's Hawaii 1 (20-inch) - 2015/2016,Electra,Children Bicycles,299.99,3599.88
2,24,16,Moderate Stock,False,Electra Townie Original 21D - 2016,Electra,Comfort Bicycles,549.99,8799.84
2,25,18,Moderate Stock,False,Electra Townie Original 7D - 2015/2016,Electra,Comfort Bicycles,499.99,8999.82
2,26,2,Low Stock,True,Electra Townie Original 7D EQ - 2016,Electra,Comfort Bicycles,599.99,1199.98
2,27,10,Moderate Stock,False,Surly Big Dummy Frameset - 2017,Surly,Mountain Bikes,999.99,9999.9
2,28,25,Healthy Stock,False,Surly Karate Monkey 27.5+ Frameset - 2017,Surly,Mountain Bikes,2499.99,62499.74999999999
2,29,29,Healthy Stock,False,Trek X-Caliber 8 - 2017,Trek,Mountain Bikes,999.99,28999.71
2,30,17,Moderate Stock,False,Surly Ice Cream Truck Frameset - 2017,Surly,Mountain Bikes,999.99,16999.83
2,31,10,Moderate Stock,False,Surly Wednesday - 2017,Surly,Mountain Bikes,1632.99,16329.9
2,32,13,Moderate Stock,False,Trek Farley Alloy Frameset - 2017,Trek,Mountain Bikes,469.99,6109.87
2,33,8,Moderate Stock,False,Surly Wednesday Frameset - 2017,Surly,Mountain Bikes,469.99,3759.92
2,34,24,Healthy Stock,False,Trek Session DH 27.5 Carbon Frameset - 2017,Trek,Mountain Bikes,469.99,11279.76
2,35,25,Healthy Stock,False,Sun Bicycles Spider 3i - 2017,Sun Bicycles,Mountain Bikes,832.99,20824.75
2,36,15,Moderate Stock,False,Surly Troll Frameset - 2017,Surly,Mountain Bikes,832.99,12494.85
2,37,5,Low Stock,True,Haro Flightline One ST - 2017,Haro,Mountain Bikes,379.99,1899.95
2,38,18,Moderate Stock,False,Haro Flightline Two 26 Plus - 2017,Haro,Mountain Bikes,549.99,9899.82
2,39,28,Healthy Stock,False,Trek Stache 5 - 2017,Trek,Mountain Bikes,1499.99,41999.72
2,40,15,Moderate Stock,False,Trek Fuel EX 9.8 29 - 2017,Trek,Mountain Bikes,4999.99,74999.84999999999
2,41,6,Moderate Stock,False,Haro Shift R3 - 2017,Haro,Mountain Bikes,1469.99,8819.94
2,42,16,Moderate Stock,False,Trek Fuel EX 5 27.5 Plus - 2017,Trek,Mountain Bikes,2299.99,36799.84
2,43,2,Low Stock,True,Trek Fuel EX 9.8 27.5 Plus - 2017,Trek,Mountain Bikes,5299.99,10599.98
2,44,24,Healthy Stock,False,Haro SR 1.1 - 2017,Haro,Mountain Bikes,539.99,12959.76
2,45,13,Moderate Stock,False,Haro SR 1.2 - 2017,Haro,Mountain Bikes,869.99,11309.87
2,46,18,Moderate Stock,False,Haro SR 1.3 - 2017,Haro,Mountain Bikes,1409.99,25379.82
2,47,0,Out of Stock,True,Trek Remedy 9.8 - 2017,Trek,Mountain Bikes,5299.99,0.0
2,48,20,Healthy Stock,False,Trek Emonda S 4 - 2017,Trek,Road Bikes,1499.99,29999.8
2,49,4,Low Stock,True,Trek Domane SL 6 - 2017,Trek,Road Bikes,3499.99,13999.96
2,50,7,Moderate Stock,False,Trek Silque SLR 7 Women's - 2017,Trek,Road Bikes,5999.99,41999.93
2,51,8,Moderate Stock,False,Trek Silque SLR 8 Women's - 2017,Trek,Road Bikes,6499.99,51999.92
2,52,23,Healthy Stock,False,Surly Steamroller - 2017,Surly,Road Bikes,875.99,20147.77
2,53,19,Moderate Stock,False,Surly Ogre Frameset - 2017,Surly,Road Bikes,749.99,14249.81
2,54,6,Moderate Stock,False,Trek Domane SL Disc Frameset - 2017,Trek,Road Bikes,3199.99,19199.94
2,55,5,Low Stock,True,Trek Domane S 6 - 2017,Trek,Road Bikes,2699.99,13499.949999999999
2,56,20,Healthy Stock,False,Trek Domane SLR 6 Disc - 2017,Trek,Road Bikes,5499.99,109999.79999999999
2,57,27,Healthy Stock,False,Trek Emonda S 5 - 2017,Trek,Road Bikes,1999.99,53999.73
2,58,15,Moderate Stock,False,Trek Madone 9.2 - 2017,Trek,Road Bikes,4999.99,74999.84999999999
2,59,17,Moderate Stock,False,Trek Domane S 5 Disc - 2017,Trek,Road Bikes,2599.99,44199.829999999994
2,60,1,Low Stock,True,Sun Bicycles ElectroLite - 2017,Sun Bicycles,Electric Bikes,1559.99,1559.99
2,61,20,Healthy Stock,False,Trek Powerfly 8 FS Plus - 2017,Trek,Electric Bikes,4999.99,99999.79999999999
2,62,4,Low Stock,True,Trek Boone 7 - 2017,Trek,Cyclocross Bicycles,3499.99,13999.96
2,63,5,Low Stock,True,Trek Boone Race Shop Limited - 2017,Trek,Cyclocross Bicycles,3499.99,17499.949999999997
2,64,30,Healthy Stock,False,Electra Townie Original 7D - 2017,Electra,Cruisers Bicycles,489.99,14699.7
2,65,16,Moderate Stock,False,Sun Bicycles Lil Bolt Type-R - 2017,Sun Bicycles,Cruisers Bicycles,346.99,5551.84
2,66,22,Healthy Stock,False,Sun Bicycles Revolutions 24 - 2017,Sun Bicycles,Cruisers Bicycles,250.99,5521.780000000001
2,67,8,Moderate Stock,False,Sun Bicycles Revolutions 24 - Girl's - 2017,Sun Bicycles,Cruisers Bicycles,250.99,2007.92
2,68,23,Healthy Stock,False,Sun Bicycles Cruz 3 - 2017,Sun Bicycles,Cruisers Bicycles,449.99,10349.77
2,69,22,Healthy Stock,False,Sun Bicycles Cruz 7 - 2017,Sun Bicycles,Cruisers Bicycles,416.99,9173.78
2,70,6,Moderate Stock,False,Electra Amsterdam Original 3i - 2015/2017,Electra,Cruisers Bicycles,659.99,3959.94
2,71,30,Healthy Stock,False,Sun Bicycles Atlas X-Type - 2017,Sun Bicycles,Cruisers Bicycles,416.99,12509.7
2,72,1,Low Stock,True,Sun Bicycles Biscayne Tandem 7 - 2017,Sun Bicycles,Cruisers Bicycles,619.99,619.99
2,73,20,Healthy Stock,False,Sun Bicycles Brickell Tandem 7 - 2017,Sun Bicycles,Cruisers Bicycles,749.99,14999.8
2,74,23,Healthy Stock,False,Electra Cruiser Lux 1 - 2017,Electra,Cruisers Bicycles,439.99,10119.77
2,75,11,Moderate Stock,False,Electra Cruiser Lux Fat Tire 1 Ladies - 2017,Electra,Cruisers Bicycles,599.99,6599.89
2,76,20,Healthy Stock,False,"Electra Girl's Hawaii 1 16"" - 2017",Electra,Cruisers Bicycles,299.99,5999.8
2,77,25,Healthy Stock,False,Electra Glam Punk 3i Ladies' - 2017,Electra,Cruisers Bicycles,799.99,19999.75
2,78,4,Low Stock,True,Sun Bicycles Biscayne Tandem CB - 2017,Sun Bicycles,Cruisers Bicycles,647.99,2591.96
2,79,29,Healthy Stock,False,Sun Bicycles Boardwalk (24-inch Wheels) - 2017,Sun Bicycles,Cruisers Bicycles,402.99,11686.710000000001
2,80,27,Healthy Stock,False,Sun Bicycles Brickell Tandem CB - 2017,Sun Bicycles,Cruisers Bicycles,761.99,20573.73
2,81,19,Moderate Stock,False,Electra Amsterdam Fashion 7i Ladies' - 2017,Electra,Cruisers Bicycles,1099.99,20899.81
2,82,4,Low Stock,True,Electra Amsterdam Original 3i Ladies' - 2017,Electra,Cruisers Bicycles,659.99,2639.96
2,83,21,Healthy Stock,False,Trek Boy's Kickster - 2015/2017,Trek,Children Bicycles,149.99,3149.79
2,84,22,Healthy Stock,False,Sun Bicycles Lil Kitt'n - 2017,Sun Bicycles,Children Bicycles,109.99,2419.7799999999997
2,85,6,Moderate Stock,False,Haro Downtown 16 - 2017,Haro,Children Bicycles,329.99,1979.94
2,86,24,Healthy Stock,False,Trek Girl's Kickster - 2017,Trek,Children Bicycles,149.99,3599.76
2,87,14,Moderate Stock,False,Trek Precaliber 12 Boys - 2017,Trek,Children Bicycles,189.99,2659.86
2,88,8,Moderate Stock,False,Trek Precaliber 12 Girls - 2017,Trek,Children Bicycles,189.99,1519.92
2,89,8,Moderate Stock,False,Trek Precaliber 16 Boys - 2017,Trek,Children Bicycles,209.99,1679.92
2,90,26,Healthy Stock,False,Trek Precaliber 16 Girls - 2017,Trek,Children Bicycles,209.99,5459.74
2,91,0,Out of Stock,True,Trek Precaliber 24 (21-Speed) - Girls - 2017,Trek,Children Bicycles,349.99,0.0
2,92,22,Healthy Stock,False,Haro Shredder 20 - 2017,Haro,Children Bicycles,209.99,4619.780000000001
2,93,22,Healthy Stock,False,Haro Shredder 20 Girls - 2017,Haro,Children Bicycles,209.99,4619.780000000001
2,94,2,Low Stock,True,Haro Shredder Pro 20 - 2017,Haro,Children Bicycles,249.99,499.98
2,95,10,Moderate Stock,False,"Electra Girl's Hawaii 1 16"" - 2017",Electra,Children Bicycles,299.99,2999.9
2,96,22,Healthy Stock,False,Electra Moto 3i (20-inch) - Boy's - 2017,Electra,Children Bicycles,349.99,7699.780000000001
2,97,15,Moderate Stock,False,Electra Savannah 3i (20-inch) - Girl's - 2017,Electra,Children Bicycles,349.99,5249.85
2,98,14,Moderate Stock,False,Electra Straight 8 3i (20-inch) - Boy's - 2017,Electra,Children Bicycles,489.99,6859.860000000001
2,99,24,Healthy Stock,False,Electra Sugar Skulls 1 (20-inch) - Girl's - 2017,Electra,Children Bicycles,299.99,7199.76
2,100,12,Moderate Stock,False,Electra Townie 3i EQ (20-inch) - Boys' - 2017,Electra,Children Bicycles,489.99,5879.88
2,101,4,Low Stock,True,Electra Townie 7D (20-inch) - Boys' - 2017,Electra,Children Bicycles,339.99,1359.96
2,102,12,Moderate Stock,False,Electra Townie Original 7D - 2017,Electra,Comfort Bicycles,489.99,5879.88
2,103,1,Low Stock,True,Sun Bicycles Streamway 3 - 2017,Sun Bicycles,Comfort Bicycles,551.99,551.99
2,104,26,Healthy Stock,False,Sun Bicycles Streamway - 2017,Sun Bicycles,Comfort Bicycles,481.99,12531.74
2,105,3,Low Stock,True,Sun Bicycles Streamway 7 - 2017,Sun Bicycles,Comfort Bicycles,533.99,1601.97
2,106,7,Moderate Stock,False,Sun Bicycles Cruz 3 - 2017,Sun Bicycles,Comfort Bicycles,449.99,3149.9300000000003
2,107,29,Healthy Stock,False,Sun Bicycles Cruz 7 - 2017,Sun Bicycles,Comfort Bicycles,416.99,12092.710000000001
2,108,29,Healthy Stock,False,Sun Bicycles Cruz 3 - Women's - 2017,Sun Bicycles,Comfort Bicycles,449.99,13049.710000000001
2,109,25,Healthy Stock,False,Sun Bicycles Cruz 7 - Women's - 2017,Sun Bicycles,Comfort Bicycles,416.99,10424.75
2,110,7,Moderate Stock,False,Sun Bicycles Drifter 7 - 2017,Sun Bicycles,Comfort Bicycles,470.99,3296.9300000000003
2,111,6,Moderate Stock,False,Sun Bicycles Drifter 7 - Women's - 2017,Sun Bicycles,Comfort Bicycles,470.99,2825.94
2,112,1,Low Stock,True,Trek 820 - 2018,Trek,Mountain Bikes,379.99,379.99
2,113,7,Moderate Stock,False,Trek Marlin 5 - 2018,Trek,Mountain Bikes,489.99,3429.9300000000003
2,114,12,Moderate Stock,False,Trek Marlin 6 - 2018,Trek,Mountain Bikes,579.99,6959.88
2,115,19,Moderate Stock,False,Trek Fuel EX 8 29 - 2018,Trek,Mountain Bikes,3199.99,60799.81
2,116,17,Moderate Stock,False,Trek Marlin 7 - 2017/2018,Trek,Mountain Bikes,749.99,12749.83
2,117,18,Moderate Stock,False,Trek Ticket S Frame - 2018,Trek,Mountain Bikes,1469.99,26459.82
2,118,25,Healthy Stock,False,Trek X-Caliber 8 - 2018,Trek,Mountain Bikes,999.99,24999.75
2,119,23,Healthy Stock,False,Trek Kids' Neko - 2018,Trek,Mountain Bikes,469.99,10809.77
2,120,16,Moderate Stock,False,Trek Fuel EX 7 29 - 2018,Trek,Mountain Bikes,2499.99,39999.84
2,121,3,Low Stock,True,Surly Krampus Frameset - 2018,Surly,Mountain Bikes,2499.99,7499.969999999999
2,122,11,Moderate Stock,False,Surly Troll Frameset - 2018,Surly,Mountain Bikes,2499.99,27499.89
2,123,18,Moderate Stock,False,Trek Farley Carbon Frameset - 2018,Trek,Mountain Bikes,999.99,17999.82
2,124,4,Low Stock,True,Surly Krampus - 2018,Surly,Mountain Bikes,1499.0,5996.0
2,125,10,Moderate Stock,False,Trek Kids' Dual Sport - 2018,Trek,Mountain Bikes,469.99,4699.9
2,126,13,Moderate Stock,False,Surly Big Fat Dummy Frameset - 2018,Surly,Mountain Bikes,469.99,6109.87
2,127,12,Moderate Stock,False,Surly Pack Rat Frameset - 2018,Surly,Mountain Bikes,469.99,5639.88
2,128,28,Healthy Stock,False,Surly ECR 27.5 - 2018,Surly,Mountain Bikes,1899.0,53172.0
2,129,21,Healthy Stock,False,Trek X-Caliber 7 - 2018,Trek,Mountain Bikes,919.99,19319.79
2,130,17,Moderate Stock,False,Trek Stache Carbon Frameset - 2018,Trek,Mountain Bikes,919.99,15639.83
2,131,9,Moderate Stock,False,Heller Bloodhound Trail - 2018,Heller,Mountain Bikes,2599.0,23391.0
2,132,6,Moderate Stock,False,Trek Procal AL Frameset - 2018,Trek,Mountain Bikes,1499.99,8999.94
2,133,28,Healthy Stock,False,Trek Procaliber Frameset - 2018,Trek,Mountain Bikes,1499.99,41999.72
2,134,13,Moderate Stock,False,Trek Remedy 27.5 C Frameset - 2018,Trek,Mountain Bikes,1499.99,19499.87
2,135,30,Healthy Stock,False,Trek X-Caliber Frameset - 2018,Trek,Mountain Bikes,1499.99,44999.7
2,136,8,Moderate Stock,False,Trek Procaliber 6 - 2018,Trek,Mountain Bikes,1799.99,14399.92
2,137,1,Low Stock,True,Heller Shagamaw GX1 - 2018,Heller,Mountain Bikes,2599.0,2599.0
2,138,16,Moderate Stock,False,Trek Fuel EX 5 Plus - 2018,Trek,Mountain Bikes,2249.99,35999.84
2,139,24,Healthy Stock,False,Trek Remedy 7 27.5 - 2018,Trek,Mountain Bikes,2999.99,71999.76
2,140,13,Moderate Stock,False,Trek Remedy 9.8 27.5 - 2018,Trek,Mountain Bikes,4999.99,64999.869999999995
2,141,28,Healthy Stock,False,Trek Stache 5 - 2018,Trek,Mountain Bikes,1599.99,44799.72
2,142,24,Healthy Stock,False,Trek Fuel EX 8 29 XT - 2018,Trek,Mountain Bikes,3199.99,76799.76
2,143,12,Moderate Stock,False,Trek Domane ALR 3 - 2018,Trek,Road Bikes,1099.99,13199.880000000001
2,144,4,Low Stock,True,Trek Domane ALR 4 Disc - 2018,Trek,Road Bikes,1549.99,6199.96
2,145,23,Healthy Stock,False,Trek Domane ALR 5 Disc - 2018,Trek,Road Bikes,1799.99,41399.77
2,146,3,Low Stock,True,Trek Domane SLR 6 - 2018,Trek,Road Bikes,4999.99,14999.97
2,147,13,Moderate Stock,False,Trek Domane ALR 5 Gravel - 2018,Trek,Road Bikes,1799.99,23399.87
2,148,27,Healthy Stock,False,Trek Domane SL 8 Disc - 2018,Trek,Road Bikes,5499.99,148499.72999999998
2,149,22,Healthy Stock,False,Trek Domane SLR 8 Disc - 2018,Trek,Road Bikes,7499.99,164999.78
2,150,7,Moderate Stock,False,Trek Emonda SL 7 - 2018,Trek,Road Bikes,4499.99,31499.93
2,151,2,Low Stock,True,Trek Domane ALR 4 Disc Women's - 2018,Trek,Road Bikes,1549.99,3099.98
2,152,21,Healthy Stock,False,Trek Domane SL 5 Disc Women's - 2018,Trek,Road Bikes,2499.99,52499.78999999999
2,153,21,Healthy Stock,False,Trek Domane SL 7 Women's - 2018,Trek,Road Bikes,4999.99,104999.79
2,154,9,Moderate Stock,False,Trek Domane SLR 6 Disc Women's - 2018,Trek,Road Bikes,5499.99,49499.909999999996
2,155,21,Healthy Stock,False,Trek Domane SLR 9 Disc - 2018,Trek,Road Bikes,11999.99,251999.79
2,156,8,Moderate Stock,False,Trek Domane SL Frameset - 2018,Trek,Road Bikes,6499.99,51999.92
2,157,28,Healthy Stock,False,Trek Domane SL Frameset Women's - 2018,Trek,Road Bikes,6499.99,181999.72
2,158,0,Out of Stock,True,Trek CrossRip 1 - 2018,Trek,Road Bikes,959.99,0.0
2,159,30,Healthy Stock,False,Trek Emonda ALR 6 - 2018,Trek,Road Bikes,2299.99,68999.7
2,160,4,Low Stock,True,Trek Emonda SLR 6 - 2018,Trek,Road Bikes,4499.99,17999.96
2,161,9,Moderate Stock,False,Surly ECR - 2018,Surly,Road Bikes,1899.0,17091.0
2,162,18,Moderate Stock,False,Trek Emonda SL 6 Disc - 2018,Trek,Road Bikes,2999.99,53999.81999999999
2,163,30,Healthy Stock,False,Surly Pack Rat - 2018,Surly,Road Bikes,1349.0,40470.0
2,164,9,Moderate Stock,False,Surly Straggler 650b - 2018,Surly,Road Bikes,1549.0,13941.0
2,165,6,Moderate Stock,False,Trek 1120 - 2018,Trek,Road Bikes,2499.99,14999.939999999999
2,166,27,Healthy Stock,False,Trek Domane AL 2 Women's - 2018,Trek,Road Bikes,749.99,20249.73
2,167,1,Low Stock,True,Surly ECR Frameset - 2018,Surly,Road Bikes,749.99,749.99
2,168,29,Healthy Stock,False,Surly Straggler - 2018,Surly,Road Bikes,1549.0,44921.0
2,169,1,Low Stock,True,Trek Emonda SLR 8 - 2018,Trek,Road Bikes,6499.99,6499.99
2,170,2,Low Stock,True,Trek CrossRip 2 - 2018,Trek,Road Bikes,1299.99,2599.98
2,171,28,Healthy Stock,False,Trek Domane SL 6 - 2018,Trek,Road Bikes,3199.99,89599.72
2,172,16,Moderate Stock,False,Trek Domane ALR Disc Frameset - 2018,Trek,Road Bikes,3199.99,51199.84
2,173,17,Moderate Stock,False,Trek Domane ALR Frameset - 2018,Trek,Road Bikes,3199.99,54399.829999999994
2,174,8,Moderate Stock,False,Trek Domane SLR Disc Frameset - 2018,Trek,Road Bikes,3199.99,25599.92
2,175,0,Out of Stock,True,Trek Domane SLR Frameset - 2018,Trek,Road Bikes,3199.99,0.0
2,176,26,Healthy Stock,False,Trek Madone 9 Frameset - 2018,Trek,Road Bikes,3199.99,83199.73999999999
2,177,9,Moderate Stock,False,Trek Domane SLR 6 Disc - 2018,Trek,Road Bikes,5499.99,49499.909999999996
2,178,1,Low Stock,True,Trek Domane AL 2 - 2018,Trek,Road Bikes,749.99,749.99
2,179,16,Moderate Stock,False,Trek Domane AL 3 - 2018,Trek,Road Bikes,919.99,14719.84
2,180,3,Low Stock,True,Trek Domane AL 3 Women's - 2018,Trek,Road Bikes,919.99,2759.9700000000003
2,181,29,Healthy Stock,False,Trek Domane SL 5 - 2018,Trek,Road Bikes,2199.99,63799.70999999999
2,182,21,Healthy Stock,False,Trek Domane SL 5 Disc - 2018,Trek,Road Bikes,2499.99,52499.78999999999
2,183,26,Healthy Stock,False,Trek Domane SL 5 Women's - 2018,Trek,Road Bikes,2199.99,57199.73999999999
2,184,0,Out of Stock,True,Trek Domane SL 6 Disc - 2018,Trek,Road Bikes,3499.99,0.0
2,185,4,Low Stock,True,Trek Conduit+ - 2018,Trek,Electric Bikes,2799.99,11199.96
2,186,16,Moderate Stock,False,Trek CrossRip+ - 2018,Trek,Electric Bikes,4499.99,71999.84
2,187,10,Moderate Stock,False,Trek Neko+ - 2018,Trek,Electric Bikes,2799.99,27999.899999999998
2,188,27,Healthy Stock,False,Trek XM700+ Lowstep - 2018,Trek,Electric Bikes,3499.99,94499.73
2,189,13,Moderate Stock,False,Trek Lift+ Lowstep - 2018,Trek,Electric Bikes,2799.99,36399.869999999995
2,190,18,Moderate Stock,False,Trek Dual Sport+ - 2018,Trek,Electric Bikes,2799.99,50399.81999999999
2,191,15,Moderate Stock,False,Electra Loft Go! 8i - 2018,Electra,Electric Bikes,2799.99,41999.85
2,192,0,Out of Stock,True,Electra Townie Go! 8i - 2017/2018,Electra,Electric Bikes,2599.99,0.0
2,193,21,Healthy Stock,False,Trek Lift+ - 2018,Trek,Electric Bikes,2799.99,58799.78999999999
2,194,15,Moderate Stock,False,Trek XM700+ - 2018,Trek,Electric Bikes,3499.99,52499.85
2,195,19,Moderate Stock,False,Electra Townie Go! 8i Ladies' - 2018,Electra,Electric Bikes,2599.99,49399.81
2,196,28,Healthy Stock,False,Trek Verve+ - 2018,Trek,Electric Bikes,2299.99,64399.719999999994
2,197,10,Moderate Stock,False,Trek Verve+ Lowstep - 2018,Trek,Electric Bikes,2299.99,22999.899999999998
2,198,0,Out of Stock,True,Electra Townie Commute Go! - 2018,Electra,Electric Bikes,2999.99,0.0
2,199,13,Moderate Stock,False,Electra Townie Commute Go! Ladies' - 2018,Electra,Electric Bikes,2999.99,38999.869999999995
2,200,11,Moderate Stock,False,Trek Powerfly 5 - 2018,Trek,Electric Bikes,3499.99,38499.89
2,201,24,Healthy Stock,False,Trek Powerfly 5 FS - 2018,Trek,Electric Bikes,4499.99,107999.76
2,202,1,Low Stock,True,Trek Powerfly 5 Women's - 2018,Trek,Electric Bikes,3499.99,3499.99
2,203,7,Moderate Stock,False,Trek Powerfly 7 FS - 2018,Trek,Electric Bikes,4999.99,34999.93
2,204,25,Healthy Stock,False,Trek Super Commuter+ 7 - 2018,Trek,Electric Bikes,3599.99,89999.75
2,205,13,Moderate Stock,False,Trek Super Commuter+ 8S - 2018,Trek,Electric Bikes,4999.99,64999.869999999995
2,206,9,Moderate Stock,False,Trek Boone 5 Disc - 2018,Trek,Cyclocross Bicycles,3299.99,29699.909999999996
2,207,8,Moderate Stock,False,Trek Boone 7 Disc - 2018,Trek,Cyclocross Bicycles,3999.99,31999.92
2,208,12,Moderate Stock,False,Trek Crockett 5 Disc - 2018,Trek,Cyclocross Bicycles,1799.99,21599.88
2,209,11,Moderate Stock,False,Trek Crockett 7 Disc - 2018,Trek,Cyclocross Bicycles,2999.99,32999.89
2,210,10,Moderate Stock,False,Surly Straggler - 2018,Surly,Cyclocross Bicycles,1549.0,15490.0
2,211,4,Low Stock,True,Surly Straggler 650b - 2018,Surly,Cyclocross Bicycles,1549.0,6196.0
2,212,22,Healthy Stock,False,Electra Townie Original 21D - 2018,Electra,Cruisers Bicycles,559.99,12319.78
2,213,10,Moderate Stock,False,Electra Cruiser 1 - 2016/2017/2018,Electra,Cruisers Bicycles,269.99,2699.9
2,214,7,Moderate Stock,False,Electra Tiger Shark 3i - 2018,Electra,Cruisers Bicycles,899.99,6299.93
2,215,11,Moderate Stock,False,Electra Queen of Hearts 3i - 2018,Electra,Cruisers Bicycles,749.99,8249.89
2,216,19,Moderate Stock,False,Electra Super Moto 8i - 2018,Electra,Cruisers Bicycles,899.99,17099.81
2,217,22,Healthy Stock,False,Electra Straight 8 3i - 2018,Electra,Cruisers Bicycles,909.99,20019.78
2,218,26,Healthy Stock,False,Electra Cruiser 7D - 2016/2017/2018,Electra,Cruisers Bicycles,319.99,8319.74
2,219,16,Moderate Stock,False,Electra Moto 3i - 2018,Electra,Cruisers Bicycles,639.99,10239.84
2,220,6,Moderate Stock,False,Electra Cruiser 1 Ladies' - 2018,Electra,Cruisers Bicycles,269.99,1619.94
2,221,12,Moderate Stock,False,Electra Cruiser 7D Ladies' - 2016/2018,Electra,Cruisers Bicycles,319.99,3839.88
2,222,30,Healthy Stock,False,Electra Cruiser 1 Tall - 2016/2018,Electra,Cruisers Bicycles,269.99,8099.700000000001
2,223,7,Moderate Stock,False,Electra Cruiser Lux 3i - 2018,Electra,Cruisers Bicycles,529.99,3709.9300000000003
2,224,4,Low Stock,True,Electra Cruiser Lux 7D - 2018,Electra,Cruisers Bicycles,479.99,1919.96
2,225,11,Moderate Stock,False,Electra Delivery 3i - 2016/2017/2018,Electra,Cruisers Bicycles,959.99,10559.89
2,226,5,Low Stock,True,Electra Townie Original 21D EQ - 2017/2018,Electra,Cruisers Bicycles,679.99,3399.95
2,227,12,Moderate Stock,False,Electra Cruiser 7D (24-Inch) Ladies' - 2016/2018,Electra,Cruisers Bicycles,319.99,3839.88
2,228,7,Moderate Stock,False,Electra Cruiser 7D Tall - 2016/2018,Electra,Cruisers Bicycles,319.99,2239.9300000000003
2,229,29,Healthy Stock,False,Electra Cruiser Lux 1 - 2016/2018,Electra,Cruisers Bicycles,429.99,12469.710000000001
2,230,25,Healthy Stock,False,Electra Cruiser Lux 1 Ladies' - 2018,Electra,Cruisers Bicycles,429.99,10749.75
2,231,8,Moderate Stock,False,Electra Cruiser Lux 3i Ladies' - 2018,Electra,Cruisers Bicycles,529.99,4239.92
2,232,11,Moderate Stock,False,Electra Cruiser Lux 7D Ladies' - 2018,Electra,Cruisers Bicycles,479.99,5279.89
2,233,25,Healthy Stock,False,Electra Cruiser Lux Fat Tire 7D - 2018,Electra,Cruisers Bicycles,639.99,15999.75
2,234,12,Moderate Stock,False,Electra Daydreamer 3i Ladies' - 2018,Electra,Cruisers Bicycles,899.99,10799.880000000001
2,235,4,Low Stock,True,Electra Koa 3i Ladies' - 2018,Electra,Cruisers Bicycles,899.99,3599.96
2,236,7,Moderate Stock,False,Electra Morningstar 3i Ladies' - 2018,Electra,Cruisers Bicycles,749.99,5249.93
2,237,30,Healthy Stock,False,Electra Relic 3i - 2018,Electra,Cruisers Bicycles,849.99,25499.7
2,238,6,Moderate Stock,False,Electra Townie Balloon 8D EQ - 2016/2017/2018,Electra,Cruisers Bicycles,749.99,4499.9400000000005
2,239,17,Moderate Stock,False,Electra Townie Balloon 8D EQ Ladies' - 2016/2017/2018,Electra,Cruisers Bicycles,749.99,12749.83
2,240,19,Moderate Stock,False,Electra Townie Commute 27D Ladies - 2018,Electra,Cruisers Bicycles,899.99,17099.81
2,241,24,Healthy Stock,False,Electra Townie Commute 8D - 2018,Electra,Cruisers Bicycles,749.99,17999.760000000002
2,242,2,Low Stock,True,Electra Townie Commute 8D Ladies' - 2018,Electra,Cruisers Bicycles,699.99,1399.98
2,243,18,Moderate Stock,False,Electra Townie Original 21D EQ Ladies' - 2018,Electra,Cruisers Bicycles,679.99,12239.82
2,244,1,Low Stock,True,Electra Townie Original 21D Ladies' - 2018,Electra,Cruisers Bicycles,559.99,559.99
2,245,18,Moderate Stock,False,Electra Townie Original 3i EQ - 2017/2018,Electra,Cruisers Bicycles,659.99,11879.82
2,246,10,Moderate Stock,False,Electra Townie Original 3i EQ Ladies' - 2018,Electra,Cruisers Bicycles,639.99,6399.9
2,247,16,Moderate Stock,False,Electra Townie Original 7D EQ - 2018,Electra,Cruisers Bicycles,599.99,9599.84
2,248,26,Healthy Stock,False,Electra Townie Original 7D EQ Ladies' - 2017/2018,Electra,Cruisers Bicycles,599.99,15599.74
2,249,10,Moderate Stock,False,Electra White Water 3i - 2018,Electra,Cruisers Bicycles,749.99,7499.9
2,250,23,Healthy Stock,False,Electra Townie Go! 8i - 2017/2018,Electra,Cruisers Bicycles,2599.99,59799.77
2,251,0,Out of Stock,True,Electra Townie Commute Go! - 2018,Electra,Cruisers Bicycles,2999.99,0.0
2,252,20,Healthy Stock,False,Electra Townie Commute Go! Ladies' - 2018,Electra,Cruisers Bicycles,2999.99,59999.799999999996
2,253,29,Healthy Stock,False,Electra Townie Go! 8i Ladies' - 2018,Electra,Cruisers Bicycles,2599.99,75399.70999999999
2,254,7,Moderate Stock,False,Electra Townie Balloon 3i EQ - 2017/2018,Electra,Cruisers Bicycles,749.99,5249.93
2,255,12,Moderate Stock,False,Electra Townie Balloon 7i EQ Ladies' - 2017/2018,Electra,Cruisers Bicycles,899.99,10799.880000000001
2,256,8,Moderate Stock,False,Electra Townie Commute 27D - 2018,Electra,Cruisers Bicycles,899.99,7199.92
2,257,5,Low Stock,True,Electra Amsterdam Fashion 3i Ladies' - 2017/2018,Electra,Cruisers Bicycles,899.99,4499.95
2,258,10,Moderate Stock,False,Electra Amsterdam Royal 8i - 2017/2018,Electra,Cruisers Bicycles,1259.9,12599.0
2,259,16,Moderate Stock,False,Electra Amsterdam Royal 8i Ladies - 2018,Electra,Cruisers Bicycles,1199.99,19199.84
2,260,20,Healthy Stock,False,Electra Townie Balloon 3i EQ Ladies' - 2018,Electra,Cruisers Bicycles,799.99,15999.8
2,261,4,Low Stock,True,Electra Townie Balloon 7i EQ - 2018,Electra,Cruisers Bicycles,899.99,3599.96
2,262,8,Moderate Stock,False,Trek MT 201 - 2018,Trek,Children Bicycles,249.99,1999.92
2,263,4,Low Stock,True,Strider Classic 12 Balance Bike - 2018,Strider,Children Bicycles,89.99,359.96
2,264,13,Moderate Stock,False,Strider Sport 16 - 2018,Strider,Children Bicycles,249.99,3249.87
2,265,4,Low Stock,True,Strider Strider 20 Sport - 2018,Strider,Children Bicycles,289.99,1159.96
2,266,18,Moderate Stock,False,Trek Superfly 20 - 2018,Trek,Children Bicycles,399.99,7199.82
2,267,21,Healthy Stock,False,Trek Precaliber 12 Girl's - 2018,Trek,Children Bicycles,199.99,4199.79
2,268,3,Low Stock,True,Trek Kickster - 2018,Trek,Children Bicycles,159.99,479.97
2,269,4,Low Stock,True,Trek Precaliber 12 Boy's - 2018,Trek,Children Bicycles,199.99,799.96
2,270,15,Moderate Stock,False,Trek Precaliber 16 Boy's - 2018,Trek,Children Bicycles,209.99,3149.8500000000004
2,271,26,Healthy Stock,False,Trek Precaliber 16 Girl's - 2018,Trek,Children Bicycles,209.99,5459.74
2,272,1,Low Stock,True,Trek Precaliber 20 6-speed Boy's - 2018,Trek,Children Bicycles,289.99,289.99
2,273,28,Healthy Stock,False,Trek Precaliber 20 6-speed Girl's - 2018,Trek,Children Bicycles,289.99,8119.72
2,274,15,Moderate Stock,False,Trek Precaliber 20 Boy's - 2018,Trek,Children Bicycles,229.99,3449.8500000000004
2,275,3,Low Stock,True,Trek Precaliber 20 Girl's - 2018,Trek,Children Bicycles,229.99,689.97
2,276,9,Moderate Stock,False,Trek Precaliber 24 (7-Speed) - Boys - 2018,Trek,Children Bicycles,319.99,2879.91
2,277,4,Low Stock,True,Trek Precaliber 24 21-speed Boy's - 2018,Trek,Children Bicycles,369.99,1479.96
2,278,8,Moderate Stock,False,Trek Precaliber 24 21-speed Girl's - 2018,Trek,Children Bicycles,369.99,2959.92
2,279,18,Moderate Stock,False,Trek Precaliber 24 7-speed Girl's - 2018,Trek,Children Bicycles,319.99,5759.82
2,280,11,Moderate Stock,False,Trek Superfly 24 - 2017/2018,Trek,Children Bicycles,489.99,5389.89
2,281,3,Low Stock,True,Electra Cruiser 7D (24-Inch) Ladies' - 2016/2018,Electra,Children Bicycles,319.99,959.97
2,282,8,Moderate Stock,False,Electra Cyclosaurus 1 (16-inch) - Boy's - 2018,Electra,Children Bicycles,279.99,2239.92
2,283,28,Healthy Stock,False,Electra Heartchya 1 (20-inch) - Girl's - 2018,Electra,Children Bicycles,319.99,8959.720000000001
2,284,6,Moderate Stock,False,Electra Savannah 1 (20-inch) - Girl's - 2018,Electra,Children Bicycles,319.99,1919.94
2,285,22,Healthy Stock,False,Electra Soft Serve 1 (16-inch) - Girl's - 2018,Electra,Children Bicycles,279.99,6159.780000000001
2,286,3,Low Stock,True,"Electra Starship 1 16"" - 2018",Electra,Children Bicycles,279.99,839.97
2,287,15,Moderate Stock,False,Electra Straight 8 1 (16-inch) - Boy's - 2018,Electra,Children Bicycles,279.99,4199.85
2,288,13,Moderate Stock,False,Electra Straight 8 1 (20-inch) - Boy's - 2018,Electra,Children Bicycles,389.99,5069.87
2,289,5,Low Stock,True,"Electra Superbolt 1 20"" - 2018",Electra,Children Bicycles,319.99,1599.95
2,290,29,Healthy Stock,False,"Electra Superbolt 3i 20"" - 2018",Electra,Children Bicycles,369.99,10729.710000000001
2,291,22,Healthy Stock,False,Electra Sweet Ride 1 (20-inch) - Girl's - 2018,Electra,Children Bicycles,319.99,7039.780000000001
2,292,22,Healthy Stock,False,Electra Sweet Ride 3i (20-inch) - Girls' - 2018,Electra,Children Bicycles,369.99,8139.780000000001
2,293,12,Moderate Stock,False,Electra Tiger Shark 1 (20-inch) - Boys' - 2018,Electra,Children Bicycles,319.99,3839.88
2,294,7,Moderate Stock,False,Electra Tiger Shark 3i (20-inch) - Boys' - 2018,Electra,Children Bicycles,369.99,2589.9300000000003
2,295,15,Moderate Stock,False,"Electra Treasure 1 20"" - 2018",Electra,Children Bicycles,319.99,4799.85
2,296,8,Moderate Stock,False,"Electra Treasure 3i 20"" - 2018",Electra,Children Bicycles,369.99,2959.92
2,297,7,Moderate Stock,False,"Electra Under-The-Sea 1 16"" - 2018",Electra,Children Bicycles,279.99,1959.93
2,298,27,Healthy Stock,False,Electra Water Lily 1 (16-inch) - Girl's - 2018,Electra,Children Bicycles,279.99,7559.7300000000005
2,299,0,Out of Stock,True,Electra Townie Original 21D - 2018,Electra,Comfort Bicycles,559.99,0.0
2,300,13,Moderate Stock,False,Electra Townie Balloon 3i EQ Ladies' - 2018,Electra,Comfort Bicycles,799.99,10399.87
2,301,26,Healthy Stock,False,Electra Townie Balloon 7i EQ - 2018,Electra,Comfort Bicycles,899.99,23399.74
2,302,6,Moderate Stock,False,Electra Townie Original 1 - 2018,Electra,Comfort Bicycles,449.99,2699.94
2,303,23,Healthy Stock,False,Electra Townie Go! 8i - 2017/2018,Electra,Comfort Bicycles,2599.99,59799.77
2,304,6,Moderate Stock,False,Electra Townie Original 21D EQ - 2017/2018,Electra,Comfort Bicycles,679.99,4079.94
2,305,21,Healthy Stock,False,Electra Townie Balloon 3i EQ - 2017/2018,Electra,Comfort Bicycles,749.99,15749.79
2,306,17,Moderate Stock,False,Electra Townie Balloon 7i EQ Ladies' - 2017/2018,Electra,Comfort Bicycles,899.99,15299.83
2,307,18,Moderate Stock,False,Electra Townie Balloon 8D EQ - 2016/2017/2018,Electra,Comfort Bicycles,749.99,13499.82
2,308,15,Moderate Stock,False,Electra Townie Balloon 8D EQ Ladies' - 2016/2017/2018,Electra,Comfort Bicycles,749.99,11249.85
2,309,9,Moderate Stock,False,Electra Townie Commute 27D - 2018,Electra,Comfort Bicycles,899.99,8099.91
2,310,5,Low Stock,True,Electra Townie Commute 27D Ladies - 2018,Electra,Comfort Bicycles,899.99,4499.95
2,311,27,Healthy Stock,False,Electra Townie Commute 8D - 2018,Electra,Comfort Bicycles,749.99,20249.73
2,312,2,Low Stock,True,Electra Townie Commute 8D Ladies' - 2018,Electra,Comfort Bicycles,699.99,1399.98
2,313,24,Healthy Stock,False,Electra Townie Original 1 Ladies' - 2018,Electra,Comfort Bicycles,449.99,10799.76
3,1,14,Moderate Stock,False,Trek 820 - 2016,Trek,Mountain Bikes,379.99,5319.860000000001
3,2,24,Healthy Stock,False,Ritchey Timberwolf Frameset - 2016,Ritchey,Mountain Bikes,749.99,17999.760000000002
3,3,0,Out of Stock,True,Surly Wednesday Frameset - 2016,Surly,Mountain Bikes,999.99,0.0
3,4,11,Moderate Stock,False,Trek Fuel EX 8 29 - 2016,Trek,Mountain Bikes,2899.99,31899.89
3,5,3,Low Stock,True,Heller Shagamaw Frame - 2016,Heller,Mountain Bikes,1320.99,3962.9700000000003
3,6,27,Healthy Stock,False,Surly Ice Cream Truck Frameset - 2016,Surly,Mountain Bikes,469.99,12689.73
3,7,12,Moderate Stock,False,Trek Slash 8 27.5 - 2016,Trek,Mountain Bikes,3999.99,47999.88
3,8,12,Moderate Stock,False,Trek Remedy 29 Carbon Frameset - 2016,Trek,Mountain Bikes,1799.99,21599.88
3,9,23,Healthy Stock,False,Trek Conduit+ - 2016,Trek,Electric Bikes,2999.99,68999.76999999999
3,10,21,Healthy Stock,False,Surly Straggler - 2016,Surly,Cyclocross Bicycles,1549.0,32529.0
3,11,30,Healthy Stock,False,Surly Straggler 650b - 2016,Surly,Cyclocross Bicycles,1680.99,50429.7
3,12,30,Healthy Stock,False,Electra Townie Original 21D - 2016,Electra,Cruisers Bicycles,549.99,16499.7
3,13,19,Moderate Stock,False,Electra Cruiser 1 (24-Inch) - 2016,Electra,Cruisers Bicycles,269.99,5129.81
3,14,4,Low Stock,True,Electra Girl's Hawaii 1 (16-inch) - 2015/2016,Electra,Cruisers Bicycles,269.99,1079.96
3,15,22,Healthy Stock,False,Electra Moto 1 - 2016,Electra,Cruisers Bicycles,529.99,11659.78
3,16,19,Moderate Stock,False,Electra Townie Original 7D EQ - 2016,Electra,Cruisers Bicycles,599.99,11399.81
3,17,22,Healthy Stock,False,Pure Cycles Vine 8-Speed - 2016,Pure Cycles,Cruisers Bicycles,429.0,9438.0
3,18,5,Low Stock,True,Pure Cycles Western 3-Speed - Women's - 2015/2016,Pure Cycles,Cruisers Bicycles,449.0,2245.0
3,19,24,Healthy Stock,False,Pure Cycles William 3-Speed - 2016,Pure Cycles,Cruisers Bicycles,449.0,10776.0
3,20,19,Moderate Stock,False,Electra Townie Original 7D EQ - Women's - 2016,Electra,Cruisers Bicycles,599.99,11399.81
3,21,8,Moderate Stock,False,Electra Cruiser 1 (24-Inch) - 2016,Electra,Children Bicycles,269.99,2159.92
3,22,20,Healthy Stock,False,Electra Girl's Hawaii 1 (16-inch) - 2015/2016,Electra,Children Bicycles,269.99,5399.8
3,23,8,Moderate Stock,False,Electra Girl's Hawaii 1 (20-inch) - 2015/2016,Electra,Children Bicycles,299.99,2399.92
3,24,18,Moderate Stock,False,Electra Townie Original 21D - 2016,Electra,Comfort Bicycles,549.99,9899.82
3,25,15,Moderate Stock,False,Electra Townie Original 7D - 2015/2016,Electra,Comfort Bicycles,499.99,7499.85
3,26,27,Healthy Stock,False,Electra Townie Original 7D EQ - 2016,Electra,Comfort Bicycles,599.99,16199.73
3,27,21,Healthy Stock,False,Surly Big Dummy Frameset - 2017,Surly,Mountain Bikes,999.99,20999.79
3,28,20,Healthy Stock,False,Surly Karate Monkey 27.5+ Frameset - 2017,Surly,Mountain Bikes,2499.99,49999.799999999996
3,29,11,Moderate Stock,False,Trek X-Caliber 8 - 2017,Trek,Mountain Bikes,999.99,10999.89
3,30,23,Healthy Stock,False,Surly Ice Cream Truck Frameset - 2017,Surly,Mountain Bikes,999.99,22999.77
3,31,10,Moderate Stock,False,Surly Wednesday - 2017,Surly,Mountain Bikes,1632.99,16329.9
3,32,14,Moderate Stock,False,Trek Farley Alloy Frameset - 2017,Trek,Mountain Bikes,469.99,6579.860000000001
3,33,14,Moderate Stock,False,Surly Wednesday Frameset - 2017,Surly,Mountain Bikes,469.99,6579.860000000001
3,34,6,Moderate Stock,False,Trek Session DH 27.5 Carbon Frameset - 2017,Trek,Mountain Bikes,469.99,2819.94
3,35,3,Low Stock,True,Sun Bicycles Spider 3i - 2017,Sun Bicycles,Mountain Bikes,832.99,2498.9700000000003
3,36,28,Healthy Stock,False,Surly Troll Frameset - 2017,Surly,Mountain Bikes,832.99,23323.72
3,37,30,Healthy Stock,False,Haro Flightline One ST - 2017,Haro,Mountain Bikes,379.99,11399.7
3,38,23,Healthy Stock,False,Haro Flightline Two 26 Plus - 2017,Haro,Mountain Bikes,549.99,12649.77
3,39,22,Healthy Stock,False,Trek Stache 5 - 2017,Trek,Mountain Bikes,1499.99,32999.78
3,40,2,Low Stock,True,Trek Fuel EX 9.8 29 - 2017,Trek,Mountain Bikes,4999.99,9999.98
3,41,25,Healthy Stock,False,Haro Shift R3 - 2017,Haro,Mountain Bikes,1469.99,36749.75
3,42,9,Moderate Stock,False,Trek Fuel EX 5 27.5 Plus - 2017,Trek,Mountain Bikes,2299.99,20699.909999999996
3,43,26,Healthy Stock,False,Trek Fuel EX 9.8 27.5 Plus - 2017,Trek,Mountain Bikes,5299.99,137799.74
3,44,26,Healthy Stock,False,Haro SR 1.1 - 2017,Haro,Mountain Bikes,539.99,14039.74
3,45,1,Low Stock,True,Haro SR 1.2 - 2017,Haro,Mountain Bikes,869.99,869.99
3,46,16,Moderate Stock,False,Haro SR 1.3 - 2017,Haro,Mountain Bikes,1409.99,22559.84
3,47,14,Moderate Stock,False,Trek Remedy 9.8 - 2017,Trek,Mountain Bikes,5299.99,74199.86
3,48,2,Low Stock,True,Trek Emonda S 4 - 2017,Trek,Road Bikes,1499.99,2999.98
3,49,4,Low Stock,True,Trek Domane SL 6 - 2017,Trek,Road Bikes,3499.99,13999.96
3,50,25,Healthy Stock,False,Trek Silque SLR 7 Women's - 2017,Trek,Road Bikes,5999.99,149999.75
3,51,2,Low Stock,True,Trek Silque SLR 8 Women's - 2017,Trek,Road Bikes,6499.99,12999.98
3,52,8,Moderate Stock,False,Surly Steamroller - 2017,Surly,Road Bikes,875.99,7007.92
3,53,6,Moderate Stock,False,Surly Ogre Frameset - 2017,Surly,Road Bikes,749.99,4499.9400000000005
3,54,13,Moderate Stock,False,Trek Domane SL Disc Frameset - 2017,Trek,Road Bikes,3199.99,41599.869999999995
3,55,5,Low Stock,True,Trek Domane S 6 - 2017,Trek,Road Bikes,2699.99,13499.949999999999
3,56,19,Moderate Stock,False,Trek Domane SLR 6 Disc - 2017,Trek,Road Bikes,5499.99,104499.81
3,57,9,Moderate Stock,False,Trek Emonda S 5 - 2017,Trek,Road Bikes,1999.99,17999.91
3,58,27,Healthy Stock,False,Trek Madone 9.2 - 2017,Trek,Road Bikes,4999.99,134999.72999999998
3,59,0,Out of Stock,True,Trek Domane S 5 Disc - 2017,Trek,Road Bikes,2599.99,0.0
3,60,7,Moderate Stock,False,Sun Bicycles ElectroLite - 2017,Sun Bicycles,Electric Bikes,1559.99,10919.93
3,61,28,Healthy Stock,False,Trek Powerfly 8 FS Plus - 2017,Trek,Electric Bikes,4999.99,139999.72
3,62,4,Low Stock,True,Trek Boone 7 - 2017,Trek,Cyclocross Bicycles,3499.99,13999.96
3,63,8,Moderate Stock,False,Trek Boone Race Shop Limited - 2017,Trek,Cyclocross Bicycles,3499.99,27999.92
3,64,22,Healthy Stock,False,Electra Townie Original 7D - 2017,Electra,Cruisers Bicycles,489.99,10779.78
3,65,1,Low Stock,True,Sun Bicycles Lil Bolt Type-R - 2017,Sun Bicycles,Cruisers Bicycles,346.99,346.99
3,66,3,Low Stock,True,Sun Bicycles Revolutions 24 - 2017,Sun Bicycles,Cruisers Bicycles,250.99,752.97
3,67,6,Moderate Stock,False,Sun Bicycles Revolutions 24 - Girl's - 2017,Sun Bicycles,Cruisers Bicycles,250.99,1505.94
3,68,18,Moderate Stock,False,Sun Bicycles Cruz 3 - 2017,Sun Bicycles,Cruisers Bicycles,449.99,8099.82
3,69,29,Healthy Stock,False,Sun Bicycles Cruz 7 - 2017,Sun Bicycles,Cruisers Bicycles,416.99,12092.710000000001
3,70,2,Low Stock,True,Electra Amsterdam Original 3i - 2015/2017,Electra,Cruisers Bicycles,659.99,1319.98
3,71,13,Moderate Stock,False,Sun Bicycles Atlas X-Type - 2017,Sun Bicycles,Cruisers Bicycles,416.99,5420.87
3,72,6,Moderate Stock,False,Sun Bicycles Biscayne Tandem 7 - 2017,Sun Bicycles,Cruisers Bicycles,619.99,3719.94
3,73,3,Low Stock,True,Sun Bicycles Brickell Tandem 7 - 2017,Sun Bicycles,Cruisers Bicycles,749.99,2249.9700000000003
3,74,17,Moderate Stock,False,Electra Cruiser Lux 1 - 2017,Electra,Cruisers Bicycles,439.99,7479.83
3,75,29,Healthy Stock,False,Electra Cruiser Lux Fat Tire 1 Ladies - 2017,Electra,Cruisers Bicycles,599.99,17399.71
3,76,23,Healthy Stock,False,"Electra Girl's Hawaii 1 16"" - 2017",Electra,Cruisers Bicycles,299.99,6899.77
3,77,23,Healthy Stock,False,Electra Glam Punk 3i Ladies' - 2017,Electra,Cruisers Bicycles,799.99,18399.77
3,78,19,Moderate Stock,False,Sun Bicycles Biscayne Tandem CB - 2017,Sun Bicycles,Cruisers Bicycles,647.99,12311.81
3,79,29,Healthy Stock,False,Sun Bicycles Boardwalk (24-inch Wheels) - 2017,Sun Bicycles,Cruisers Bicycles,402.99,11686.710000000001
3,80,22,Healthy Stock,False,Sun Bicycles Brickell Tandem CB - 2017,Sun Bicycles,Cruisers Bicycles,761.99,16763.78
3,81,18,Moderate Stock,False,Electra Amsterdam Fashion 7i Ladies' - 2017,Electra,Cruisers Bicycles,1099.99,19799.82
3,82,7,Moderate Stock,False,Electra Amsterdam Original 3i Ladies' - 2017,Electra,Cruisers Bicycles,659.99,4619.93
3,83,23,Healthy Stock,False,Trek Boy's Kickster - 2015/2017,Trek,Children Bicycles,149.99,3449.7700000000004
3,84,15,Moderate Stock,False,Sun Bicycles Lil Kitt'n - 2017,Sun Bicycles,Children Bicycles,109.99,1649.85
3,85,15,Moderate Stock,False,Haro Downtown 16 - 2017,Haro,Children Bicycles,329.99,4949.85
3,86,27,Healthy Stock,False,Trek Girl's Kickster - 2017,Trek,Children Bicycles,149.99,4049.7300000000005
3,87,16,Moderate Stock,False,Trek Precaliber 12 Boys - 2017,Trek,Children Bicycles,189.99,3039.84
3,88,28,Healthy Stock,False,Trek Precaliber 12 Girls - 2017,Trek,Children Bicycles,189.99,5319.72
3,89,22,Healthy Stock,False,Trek Precaliber 16 Boys - 2017,Trek,Children Bicycles,209.99,4619.780000000001
3,90,9,Moderate Stock,False,Trek Precaliber 16 Girls - 2017,Trek,Children Bicycles,209.99,1889.91
3,91,8,Moderate Stock,False,Trek Precaliber 24 (21-Speed) - Girls - 2017,Trek,Children Bicycles,349.99,2799.92
3,92,28,Healthy Stock,False,Haro Shredder 20 - 2017,Haro,Children Bicycles,209.99,5879.72
3,93,18,Moderate Stock,False,Haro Shredder 20 Girls - 2017,Haro,Children Bicycles,209.99,3779.82
3,94,15,Moderate Stock,False,Haro Shredder Pro 20 - 2017,Haro,Children Bicycles,249.99,3749.8500000000004
3,95,14,Moderate Stock,False,"Electra Girl's Hawaii 1 16"" - 2017",Electra,Children Bicycles,299.99,4199.860000000001
3,96,1,Low Stock,True,Electra Moto 3i (20-inch) - Boy's - 2017,Electra,Children Bicycles,349.99,349.99
3,97,28,Healthy Stock,False,Electra Savannah 3i (20-inch) - Girl's - 2017,Electra,Children Bicycles,349.99,9799.720000000001
3,98,5,Low Stock,True,Electra Straight 8 3i (20-inch) - Boy's - 2017,Electra,Children Bicycles,489.99,2449.95
3,99,19,Moderate Stock,False,Electra Sugar Skulls 1 (20-inch) - Girl's - 2017,Electra,Children Bicycles,299.99,5699.81
3,100,28,Healthy Stock,False,Electra Townie 3i EQ (20-inch) - Boys' - 2017,Electra,Children Bicycles,489.99,13719.720000000001
3,101,17,Moderate Stock,False,Electra Townie 7D (20-inch) - Boys' - 2017,Electra,Children Bicycles,339.99,5779.83
3,102,22,Healthy Stock,False,Electra Townie Original 7D - 2017,Electra,Comfort Bicycles,489.99,10779.78
3,103,10,Moderate Stock,False,Sun Bicycles Streamway 3 - 2017,Sun Bicycles,Comfort Bicycles,551.99,5519.9
3,104,22,Healthy Stock,False,Sun Bicycles Streamway - 2017,Sun Bicycles,Comfort Bicycles,481.99,10603.78
3,105,1,Low Stock,True,Sun Bicycles Streamway 7 - 2017,Sun Bicycles,Comfort Bicycles,533.99,533.99
3,106,1,Low Stock,True,Sun Bicycles Cruz 3 - 2017,Sun Bicycles,Comfort Bicycles,449.99,449.99
3,107,11,Moderate Stock,False,Sun Bicycles Cruz 7 - 2017,Sun Bicycles,Comfort Bicycles,416.99,4586.89
3,108,23,Healthy Stock,False,Sun Bicycles Cruz 3 - Women's - 2017,Sun Bicycles,Comfort Bicycles,449.99,10349.77
3,109,24,Healthy Stock,False,Sun Bicycles Cruz 7 - Women's - 2017,Sun Bicycles,Comfort Bicycles,416.99,10007.76
3,110,11,Moderate Stock,False,Sun Bicycles Drifter 7 - 2017,Sun Bicycles,Comfort Bicycles,470.99,5180.89
3,111,29,Healthy Stock,False,Sun Bicycles Drifter 7 - Women's - 2017,Sun Bicycles,Comfort Bicycles,470.99,13658.710000000001
3,112,24,Healthy Stock,False,Trek 820 - 2018,Trek,Mountain Bikes,379.99,9119.76
3,113,23,Healthy Stock,False,Trek Marlin 5 - 2018,Trek,Mountain Bikes,489.99,11269.77
3,114,12,Moderate Stock,False,Trek Marlin 6 - 2018,Trek,Mountain Bikes,579.99,6959.88
3,115,25,Healthy Stock,False,Trek Fuel EX 8 29 - 2018,Trek,Mountain Bikes,3199.99,79999.75
3,116,30,Healthy Stock,False,Trek Marlin 7 - 2017/2018,Trek,Mountain Bikes,749.99,22499.7
3,117,23,Healthy Stock,False,Trek Ticket S Frame - 2018,Trek,Mountain Bikes,1469.99,33809.77
3,118,9,Moderate Stock,False,Trek X-Caliber 8 - 2018,Trek,Mountain Bikes,999.99,8999.91
3,119,29,Healthy Stock,False,Trek Kids' Neko - 2018,Trek,Mountain Bikes,469.99,13629.710000000001
3,120,25,Healthy Stock,False,Trek Fuel EX 7 29 - 2018,Trek,Mountain Bikes,2499.99,62499.74999999999
3,121,4,Low Stock,True,Surly Krampus Frameset - 2018,Surly,Mountain Bikes,2499.99,9999.96
3,122,8,Moderate Stock,False,Surly Troll Frameset - 2018,Surly,Mountain Bikes,2499.99,19999.92
3,123,15,Moderate Stock,False,Trek Farley Carbon Frameset - 2018,Trek,Mountain Bikes,999.99,14999.85
3,124,11,Moderate Stock,False,Surly Krampus - 2018,Surly,Mountain Bikes,1499.0,16489.0
3,125,2,Low Stock,True,Trek Kids' Dual Sport - 2018,Trek,Mountain Bikes,469.99,939.98
3,126,5,Low Stock,True,Surly Big Fat Dummy Frameset - 2018,Surly,Mountain Bikes,469.99,2349.95
3,127,4,Low Stock,True,Surly Pack Rat Frameset - 2018,Surly,Mountain Bikes,469.99,1879.96
3,128,20,Healthy Stock,False,Surly ECR 27.5 - 2018,Surly,Mountain Bikes,1899.0,37980.0
3,129,10,Moderate Stock,False,Trek X-Caliber 7 - 2018,Trek,Mountain Bikes,919.99,9199.9
3,130,20,Healthy Stock,False,Trek Stache Carbon Frameset - 2018,Trek,Mountain Bikes,919.99,18399.8
3,131,23,Healthy Stock,False,Heller Bloodhound Trail - 2018,Heller,Mountain Bikes,2599.0,59777.0
3,132,16,Moderate Stock,False,Trek Procal AL Frameset - 2018,Trek,Mountain Bikes,1499.99,23999.84
3,133,16,Moderate Stock,False,Trek Procaliber Frameset - 2018,Trek,Mountain Bikes,1499.99,23999.84
3,134,17,Moderate Stock,False,Trek Remedy 27.5 C Frameset - 2018,Trek,Mountain Bikes,1499.99,25499.83
3,135,15,Moderate Stock,False,Trek X-Caliber Frameset - 2018,Trek,Mountain Bikes,1499.99,22499.85
3,136,4,Low Stock,True,Trek Procaliber 6 - 2018,Trek,Mountain Bikes,1799.99,7199.96
3,137,17,Moderate Stock,False,Heller Shagamaw GX1 - 2018,Heller,Mountain Bikes,2599.0,44183.0
3,138,17,Moderate Stock,False,Trek Fuel EX 5 Plus - 2018,Trek,Mountain Bikes,2249.99,38249.829999999994
3,139,21,Healthy Stock,False,Trek Remedy 7 27.5 - 2018,Trek,Mountain Bikes,2999.99,62999.78999999999
3,140,3,Low Stock,True,Trek Remedy 9.8 27.5 - 2018,Trek,Mountain Bikes,4999.99,14999.97
3,141,4,Low Stock,True,Trek Stache 5 - 2018,Trek,Mountain Bikes,1599.99,6399.96
3,142,29,Healthy Stock,False,Trek Fuel EX 8 29 XT - 2018,Trek,Mountain Bikes,3199.99,92799.70999999999
3,143,9,Moderate Stock,False,Trek Domane ALR 3 - 2018,Trek,Road Bikes,1099.99,9899.91
3,144,9,Moderate Stock,False,Trek Domane ALR 4 Disc - 2018,Trek,Road Bikes,1549.99,13949.91
3,145,11,Moderate Stock,False,Trek Domane ALR 5 Disc - 2018,Trek,Road Bikes,1799.99,19799.89
3,146,9,Moderate Stock,False,Trek Domane SLR 6 - 2018,Trek,Road Bikes,4999.99,44999.909999999996
3,147,3,Low Stock,True,Trek Domane ALR 5 Gravel - 2018,Trek,Road Bikes,1799.99,5399.97
3,148,6,Moderate Stock,False,Trek Domane SL 8 Disc - 2018,Trek,Road Bikes,5499.99,32999.94
3,149,1,Low Stock,True,Trek Domane SLR 8 Disc - 2018,Trek,Road Bikes,7499.99,7499.99
3,150,21,Healthy Stock,False,Trek Emonda SL 7 - 2018,Trek,Road Bikes,4499.99,94499.79
3,151,1,Low Stock,True,Trek Domane ALR 4 Disc Women's - 2018,Trek,Road Bikes,1549.99,1549.99
3,152,1,Low Stock,True,Trek Domane SL 5 Disc Women's - 2018,Trek,Road Bikes,2499.99,2499.99
3,153,7,Moderate Stock,False,Trek Domane SL 7 Women's - 2018,Trek,Road Bikes,4999.99,34999.93
3,154,22,Healthy Stock,False,Trek Domane SLR 6 Disc Women's - 2018,Trek,Road Bikes,5499.99,120999.78
3,155,25,Healthy Stock,False,Trek Domane SLR 9 Disc - 2018,Trek,Road Bikes,11999.99,299999.75
3,156,14,Moderate Stock,False,Trek Domane SL Frameset - 2018,Trek,Road Bikes,6499.99,90999.86
3,157,12,Moderate Stock,False,Trek Domane SL Frameset Women's - 2018,Trek,Road Bikes,6499.99,77999.88
3,158,17,Moderate Stock,False,Trek CrossRip 1 - 2018,Trek,Road Bikes,959.99,16319.83
3,159,6,Moderate Stock,False,Trek Emonda ALR 6 - 2018,Trek,Road Bikes,2299.99,13799.939999999999
3,160,27,Healthy Stock,False,Trek Emonda SLR 6 - 2018,Trek,Road Bikes,4499.99,121499.73
3,161,11,Moderate Stock,False,Surly ECR - 2018,Surly,Road Bikes,1899.0,20889.0
3,162,11,Moderate Stock,False,Trek Emonda SL 6 Disc - 2018,Trek,Road Bikes,2999.99,32999.89
3,163,11,Moderate Stock,False,Surly Pack Rat - 2018,Surly,Road Bikes,1349.0,14839.0
3,164,18,Moderate Stock,False,Surly Straggler 650b - 2018,Surly,Road Bikes,1549.0,27882.0
3,165,19,Moderate Stock,False,Trek 1120 - 2018,Trek,Road Bikes,2499.99,47499.81
3,166,27,Healthy Stock,False,Trek Domane AL 2 Women's - 2018,Trek,Road Bikes,749.99,20249.73
3,167,8,Moderate Stock,False,Surly ECR Frameset - 2018,Surly,Road Bikes,749.99,5999.92
3,168,23,Healthy Stock,False,Surly Straggler - 2018,Surly,Road Bikes,1549.0,35627.0
3,169,3,Low Stock,True,Trek Emonda SLR 8 - 2018,Trek,Road Bikes,6499.99,19499.97
3,170,13,Moderate Stock,False,Trek CrossRip 2 - 2018,Trek,Road Bikes,1299.99,16899.87
3,171,11,Moderate Stock,False,Trek Domane SL 6 - 2018,Trek,Road Bikes,3199.99,35199.89
3,172,22,Healthy Stock,False,Trek Domane ALR Disc Frameset - 2018,Trek,Road Bikes,3199.99,70399.78
3,173,15,Moderate Stock,False,Trek Domane ALR Frameset - 2018,Trek,Road Bikes,3199.99,47999.85
3,174,1,Low Stock,True,Trek Domane SLR Disc Frameset - 2018,Trek,Road Bikes,3199.99,3199.99
3,175,3,Low Stock,True,Trek Domane SLR Frameset - 2018,Trek,Road Bikes,3199.99,9599.97
3,176,6,Moderate Stock,False,Trek Madone 9 Frameset - 2018,Trek,Road Bikes,3199.99,19199.94
3,177,2,Low Stock,True,Trek Domane SLR 6 Disc - 2018,Trek,Road Bikes,5499.99,10999.98
3,178,12,Moderate Stock,False,Trek Domane AL 2 - 2018,Trek,Road Bikes,749.99,8999.880000000001
3,179,20,Healthy Stock,False,Trek Domane AL 3 - 2018,Trek,Road Bikes,919.99,18399.8
3,180,6,Moderate Stock,False,Trek Domane AL 3 Women's - 2018,Trek,Road Bikes,919.99,5519.9400000000005
3,181,8,Moderate Stock,False,Trek Domane SL 5 - 2018,Trek,Road Bikes,2199.99,17599.92
3,182,28,Healthy Stock,False,Trek Domane SL 5 Disc - 2018,Trek,Road Bikes,2499.99,69999.72
3,183,26,Healthy Stock,False,Trek Domane SL 5 Women's - 2018,Trek,Road Bikes,2199.99,57199.73999999999
3,184,21,Healthy Stock,False,Trek Domane SL 6 Disc - 2018,Trek,Road Bikes,3499.99,73499.79
3,185,15,Moderate Stock,False,Trek Conduit+ - 2018,Trek,Electric Bikes,2799.99,41999.85
3,186,30,Healthy Stock,False,Trek CrossRip+ - 2018,Trek,Electric Bikes,4499.99,134999.69999999998
3,187,2,Low Stock,True,Trek Neko+ - 2018,Trek,Electric Bikes,2799.99,5599.98
3,188,29,Healthy Stock,False,Trek XM700+ Lowstep - 2018,Trek,Electric Bikes,3499.99,101499.70999999999
3,189,20,Healthy Stock,False,Trek Lift+ Lowstep - 2018,Trek,Electric Bikes,2799.99,55999.799999999996
3,190,20,Healthy Stock,False,Trek Dual Sport+ - 2018,Trek,Electric Bikes,2799.99,55999.799999999996
3,191,23,Healthy Stock,False,Electra Loft Go! 8i - 2018,Electra,Electric Bikes,2799.99,64399.77
3,192,10,Moderate Stock,False,Electra Townie Go! 8i - 2017/2018,Electra,Electric Bikes,2599.99,25999.899999999998
3,193,5,Low Stock,True,Trek Lift+ - 2018,Trek,Electric Bikes,2799.99,13999.949999999999
3,194,20,Healthy Stock,False,Trek XM700+ - 2018,Trek,Electric Bikes,3499.99,69999.79999999999
3,195,20,Healthy Stock,False,Electra Townie Go! 8i Ladies' - 2018,Electra,Electric Bikes,2599.99,51999.799999999996
3,196,25,Healthy Stock,False,Trek Verve+ - 2018,Trek,Electric Bikes,2299.99,57499.74999999999
3,197,8,Moderate Stock,False,Trek Verve+ Lowstep - 2018,Trek,Electric Bikes,2299.99,18399.92
3,198,27,Healthy Stock,False,Electra Townie Commute Go! - 2018,Electra,Electric Bikes,2999.99,80999.73
3,199,5,Low Stock,True,Electra Townie Commute Go! Ladies' - 2018,Electra,Electric Bikes,2999.99,14999.949999999999
3,200,29,Healthy Stock,False,Trek Powerfly 5 - 2018,Trek,Electric Bikes,3499.99,101499.70999999999
3,201,30,Healthy Stock,False,Trek Powerfly 5 FS - 2018,Trek,Electric Bikes,4499.99,134999.69999999998
3,202,11,Moderate Stock,False,Trek Powerfly 5 Women's - 2018,Trek,Electric Bikes,3499.99,38499.89
3,203,6,Moderate Stock,False,Trek Powerfly 7 FS - 2018,Trek,Electric Bikes,4999.99,29999.94
3,204,16,Moderate Stock,False,Trek Super Commuter+ 7 - 2018,Trek,Electric Bikes,3599.99,57599.84
3,205,3,Low Stock,True,Trek Super Commuter+ 8S - 2018,Trek,Electric Bikes,4999.99,14999.97
3,206,29,Healthy Stock,False,Trek Boone 5 Disc - 2018,Trek,Cyclocross Bicycles,3299.99,95699.70999999999
3,207,29,Healthy Stock,False,Trek Boone 7 Disc - 2018,Trek,Cyclocross Bicycles,3999.99,115999.70999999999
3,208,12,Moderate Stock,False,Trek Crockett 5 Disc - 2018,Trek,Cyclocross Bicycles,1799.99,21599.88
3,209,1,Low Stock,True,Trek Crockett 7 Disc - 2018,Trek,Cyclocross Bicycles,2999.99,2999.99
3,210,22,Healthy Stock,False,Surly Straggler - 2018,Surly,Cyclocross Bicycles,1549.0,34078.0
3,211,3,Low Stock,True,Surly Straggler 650b - 2018,Surly,Cyclocross Bicycles,1549.0,4647.0
3,212,23,Healthy Stock,False,Electra Townie Original 21D - 2018,Electra,Cruisers Bicycles,559.99,12879.77
3,213,10,Moderate Stock,False,Electra Cruiser 1 - 2016/2017/2018,Electra,Cruisers Bicycles,269.99,2699.9
3,214,30,Healthy Stock,False,Electra Tiger Shark 3i - 2018,Electra,Cruisers Bicycles,899.99,26999.7
3,215,12,Moderate Stock,False,Electra Queen of Hearts 3i - 2018,Electra,Cruisers Bicycles,749.99,8999.880000000001
3,216,5,Low Stock,True,Electra Super Moto 8i - 2018,Electra,Cruisers Bicycles,899.99,4499.95
3,217,4,Low Stock,True,Electra Straight 8 3i - 2018,Electra,Cruisers Bicycles,909.99,3639.96
3,218,21,Healthy Stock,False,Electra Cruiser 7D - 2016/2017/2018,Electra,Cruisers Bicycles,319.99,6719.79
3,219,29,Healthy Stock,False,Electra Moto 3i - 2018,Electra,Cruisers Bicycles,639.99,18559.71
3,220,0,Out of Stock,True,Electra Cruiser 1 Ladies' - 2018,Electra,Cruisers Bicycles,269.99,0.0
3,221,25,Healthy Stock,False,Electra Cruiser 7D Ladies' - 2016/2018,Electra,Cruisers Bicycles,319.99,7999.75
3,222,12,Moderate Stock,False,Electra Cruiser 1 Tall - 2016/2018,Electra,Cruisers Bicycles,269.99,3239.88
3,223,29,Healthy Stock,False,Electra Cruiser Lux 3i - 2018,Electra,Cruisers Bicycles,529.99,15369.710000000001
3,224,23,Healthy Stock,False,Electra Cruiser Lux 7D - 2018,Electra,Cruisers Bicycles,479.99,11039.77
3,225,12,Moderate Stock,False,Electra Delivery 3i - 2016/2017/2018,Electra,Cruisers Bicycles,959.99,11519.880000000001
3,226,14,Moderate Stock,False,Electra Townie Original 21D EQ - 2017/2018,Electra,Cruisers Bicycles,679.99,9519.86
3,227,22,Healthy Stock,False,Electra Cruiser 7D (24-Inch) Ladies' - 2016/2018,Electra,Cruisers Bicycles,319.99,7039.780000000001
3,228,29,Healthy Stock,False,Electra Cruiser 7D Tall - 2016/2018,Electra,Cruisers Bicycles,319.99,9279.710000000001
3,229,7,Moderate Stock,False,Electra Cruiser Lux 1 - 2016/2018,Electra,Cruisers Bicycles,429.99,3009.9300000000003
3,230,29,Healthy Stock,False,Electra Cruiser Lux 1 Ladies' - 2018,Electra,Cruisers Bicycles,429.99,12469.710000000001
3,231,6,Moderate Stock,False,Electra Cruiser Lux 3i Ladies' - 2018,Electra,Cruisers Bicycles,529.99,3179.94
3,232,16,Moderate Stock,False,Electra Cruiser Lux 7D Ladies' - 2018,Electra,Cruisers Bicycles,479.99,7679.84
3,233,9,Moderate Stock,False,Electra Cruiser Lux Fat Tire 7D - 2018,Electra,Cruisers Bicycles,639.99,5759.91
3,234,24,Healthy Stock,False,Electra Daydreamer 3i Ladies' - 2018,Electra,Cruisers Bicycles,899.99,21599.760000000002
3,235,1,Low Stock,True,Electra Koa 3i Ladies' - 2018,Electra,Cruisers Bicycles,899.99,899.99
3,236,3,Low Stock,True,Electra Morningstar 3i Ladies' - 2018,Electra,Cruisers Bicycles,749.99,2249.9700000000003
3,237,16,Moderate Stock,False,Electra Relic 3i - 2018,Electra,Cruisers Bicycles,849.99,13599.84
3,238,12,Moderate Stock,False,Electra Townie Balloon 8D EQ - 2016/2017/2018,Electra,Cruisers Bicycles,749.99,8999.880000000001
3,239,29,Healthy Stock,False,Electra Townie Balloon 8D EQ Ladies' - 2016/2017/2018,Electra,Cruisers Bicycles,749.99,21749.71
3,240,26,Healthy Stock,False,Electra Townie Commute 27D Ladies - 2018,Electra,Cruisers Bicycles,899.99,23399.74
3,241,8,Moderate Stock,False,Electra Townie Commute 8D - 2018,Electra,Cruisers Bicycles,749.99,5999.92
3,242,5,Low Stock,True,Electra Townie Commute 8D Ladies' - 2018,Electra,Cruisers Bicycles,699.99,3499.95
3,243,7,Moderate Stock,False,Electra Townie Original 21D EQ Ladies' - 2018,Electra,Cruisers Bicycles,679.99,4759.93
3,244,5,Low Stock,True,Electra Townie Original 21D Ladies' - 2018,Electra,Cruisers Bicycles,559.99,2799.95
3,245,10,Moderate Stock,False,Electra Townie Original 3i EQ - 2017/2018,Electra,Cruisers Bicycles,659.99,6599.9
3,246,7,Moderate Stock,False,Electra Townie Original 3i EQ Ladies' - 2018,Electra,Cruisers Bicycles,639.99,4479.93
3,247,3,Low Stock,True,Electra Townie Original 7D EQ - 2018,Electra,Cruisers Bicycles,599.99,1799.97
3,248,11,Moderate Stock,False,Electra Townie Original 7D EQ Ladies' - 2017/2018,Electra,Cruisers Bicycles,599.99,6599.89
3,249,6,Moderate Stock,False,Electra White Water 3i - 2018,Electra,Cruisers Bicycles,749.99,4499.9400000000005
3,250,16,Moderate Stock,False,Electra Townie Go! 8i - 2017/2018,Electra,Cruisers Bicycles,2599.99,41599.84
3,251,10,Moderate Stock,False,Electra Townie Commute Go! - 2018,Electra,Cruisers Bicycles,2999.99,29999.899999999998
3,252,27,Healthy Stock,False,Electra Townie Commute Go! Ladies' - 2018,Electra,Cruisers Bicycles,2999.99,80999.73
3,253,15,Moderate Stock,False,Electra Townie Go! 8i Ladies' - 2018,Electra,Cruisers Bicycles,2599.99,38999.85
3,254,4,Low Stock,True,Electra Townie Balloon 3i EQ - 2017/2018,Electra,Cruisers Bicycles,749.99,2999.96
3,255,17,Moderate Stock,False,Electra Townie Balloon 7i EQ Ladies' - 2017/2018,Electra,Cruisers Bicycles,899.99,15299.83
3,256,1,Low Stock,True,Electra Townie Commute 27D - 2018,Electra,Cruisers Bicycles,899.99,899.99
3,257,25,Healthy Stock,False,Electra Amsterdam Fashion 3i Ladies' - 2017/2018,Electra,Cruisers Bicycles,899.99,22499.75
3,258,10,Moderate Stock,False,Electra Amsterdam Royal 8i - 2017/2018,Electra,Cruisers Bicycles,1259.9,12599.0
3,259,0,Out of Stock,True,Electra Amsterdam Royal 8i Ladies - 2018,Electra,Cruisers Bicycles,1199.99,0.0
3,260,5,Low Stock,True,Electra Townie Balloon 3i EQ Ladies' - 2018,Electra,Cruisers Bicycles,799.99,3999.95
3,261,24,Healthy Stock,False,Electra Townie Balloon 7i EQ - 2018,Electra,Cruisers Bicycles,899.99,21599.760000000002
3,262,29,Healthy Stock,False,Trek MT 201 - 2018,Trek,Children Bicycles,249.99,7249.71
3,263,21,Healthy Stock,False,Strider Classic 12 Balance Bike - 2018,Strider,Children Bicycles,89.99,1889.79
3,264,7,Moderate Stock,False,Strider Sport 16 - 2018,Strider,Children Bicycles,249.99,1749.93
3,265,22,Healthy Stock,False,Strider Strider 20 Sport - 2018,Strider,Children Bicycles,289.99,6379.780000000001
3,266,18,Moderate Stock,False,Trek Superfly 20 - 2018,Trek,Children Bicycles,399.99,7199.82
3,267,12,Moderate Stock,False,Trek Precaliber 12 Girl's - 2018,Trek,Children Bicycles,199.99,2399.88
3,268,17,Moderate Stock,False,Trek Kickster - 2018,Trek,Children Bicycles,159.99,2719.83
3,269,26,Healthy Stock,False,Trek Precaliber 12 Boy's - 2018,Trek,Children Bicycles,199.99,5199.74
3,270,6,Moderate Stock,False,Trek Precaliber 16 Boy's - 2018,Trek,Children Bicycles,209.99,1259.94
3,271,23,Healthy Stock,False,Trek Precaliber 16 Girl's - 2018,Trek,Children Bicycles,209.99,4829.77
3,272,12,Moderate Stock,False,Trek Precaliber 20 6-speed Boy's - 2018,Trek,Children Bicycles,289.99,3479.88
3,273,19,Moderate Stock,False,Trek Precaliber 20 6-speed Girl's - 2018,Trek,Children Bicycles,289.99,5509.81
3,274,7,Moderate Stock,False,Trek Precaliber 20 Boy's - 2018,Trek,Children Bicycles,229.99,1609.93
3,275,23,Healthy Stock,False,Trek Precaliber 20 Girl's - 2018,Trek,Children Bicycles,229.99,5289.77
3,276,14,Moderate Stock,False,Trek Precaliber 24 (7-Speed) - Boys - 2018,Trek,Children Bicycles,319.99,4479.860000000001
3,277,26,Healthy Stock,False,Trek Precaliber 24 21-speed Boy's - 2018,Trek,Children Bicycles,369.99,9619.74
3,278,15,Moderate Stock,False,Trek Precaliber 24 21-speed Girl's - 2018,Trek,Children Bicycles,369.99,5549.85
3,279,15,Moderate Stock,False,Trek Precaliber 24 7-speed Girl's - 2018,Trek,Children Bicycles,319.99,4799.85
3,280,1,Low Stock,True,Trek Superfly 24 - 2017/2018,Trek,Children Bicycles,489.99,489.99
3,281,2,Low Stock,True,Electra Cruiser 7D (24-Inch) Ladies' - 2016/2018,Electra,Children Bicycles,319.99,639.98
3,282,18,Moderate Stock,False,Electra Cyclosaurus 1 (16-inch) - Boy's - 2018,Electra,Children Bicycles,279.99,5039.82
3,283,1,Low Stock,True,Electra Heartchya 1 (20-inch) - Girl's - 2018,Electra,Children Bicycles,319.99,319.99
3,284,26,Healthy Stock,False,Electra Savannah 1 (20-inch) - Girl's - 2018,Electra,Children Bicycles,319.99,8319.74
3,285,2,Low Stock,True,Electra Soft Serve 1 (16-inch) - Girl's - 2018,Electra,Children Bicycles,279.99,559.98
3,286,7,Moderate Stock,False,"Electra Starship 1 16"" - 2018",Electra,Children Bicycles,279.99,1959.93
3,287,26,Healthy Stock,False,Electra Straight 8 1 (16-inch) - Boy's - 2018,Electra,Children Bicycles,279.99,7279.74
3,288,2,Low Stock,True,Electra Straight 8 1 (20-inch) - Boy's - 2018,Electra,Children Bicycles,389.99,779.98
3,289,2,Low Stock,True,"Electra Superbolt 1 20"" - 2018",Electra,Children Bicycles,319.99,639.98
3,290,6,Moderate Stock,False,"Electra Superbolt 3i 20"" - 2018",Electra,Children Bicycles,369.99,2219.94
3,291,10,Moderate Stock,False,Electra Sweet Ride 1 (20-inch) - Girl's - 2018,Electra,Children Bicycles,319.99,3199.9
3,292,16,Moderate Stock,False,Electra Sweet Ride 3i (20-inch) - Girls' - 2018,Electra,Children Bicycles,369.99,5919.84
3,293,14,Moderate Stock,False,Electra Tiger Shark 1 (20-inch) - Boys' - 2018,Electra,Children Bicycles,319.99,4479.860000000001
3,294,13,Moderate Stock,False,Electra Tiger Shark 3i (20-inch) - Boys' - 2018,Electra,Children Bicycles,369.99,4809.87
3,295,9,Moderate Stock,False,"Electra Treasure 1 20"" - 2018",Electra,Children Bicycles,319.99,2879.91
3,296,12,Moderate Stock,False,"Electra Treasure 3i 20"" - 2018",Electra,Children Bicycles,369.99,4439.88
3,297,22,Healthy Stock,False,"Electra Under-The-Sea 1 16"" - 2018",Electra,Children Bicycles,279.99,6159.780000000001
3,298,14,Moderate Stock,False,Electra Water Lily 1 (16-inch) - Girl's - 2018,Electra,Children Bicycles,279.99,3919.86
3,299,29,Healthy Stock,False,Electra Townie Original 21D - 2018,Electra,Comfort Bicycles,559.99,16239.710000000001
3,300,3,Low Stock,True,Electra Townie Balloon 3i EQ Ladies' - 2018,Electra,Comfort Bicycles,799.99,2399.9700000000003
3,301,29,Healthy Stock,False,Electra Townie Balloon 7i EQ - 2018,Electra,Comfort Bicycles,899.99,26099.71
3,302,6,Moderate Stock,False,Electra Townie Original 1 - 2018,Electra,Comfort Bicycles,449.99,2699.94
3,303,13,Moderate Stock,False,Electra Townie Go! 8i - 2017/2018,Electra,Comfort Bicycles,2599.99,33799.869999999995
3,304,23,Healthy Stock,False,Electra Townie Original 21D EQ - 2017/2018,Electra,Comfort Bicycles,679.99,15639.77
3,305,11,Moderate Stock,False,Electra Townie Balloon 3i EQ - 2017/2018,Electra,Comfort Bicycles,749.99,8249.89
3,306,7,Moderate Stock,False,Electra Townie Balloon 7i EQ Ladies' - 2017/2018,Electra,Comfort Bicycles,899.99,6299.93
3,307,17,Moderate Stock,False,Electra Townie Balloon 8D EQ - 2016/2017/2018,Electra,Comfort Bicycles,749.99,12749.83
3,308,9,Moderate Stock,False,Electra Townie Balloon 8D EQ Ladies' - 2016/2017/2018,Electra,Comfort Bicycles,749.99,6749.91
3,309,30,Healthy Stock,False,Electra Townie Commute 27D - 2018,Electra,Comfort Bicycles,899.99,26999.7
3,310,8,Moderate Stock,False,Electra Townie Commute 27D Ladies - 2018,Electra,Comfort Bicycles,899.99,7199.92
3,311,23,Healthy Stock,False,Electra Townie Commute 8D - 2018,Electra,Comfort Bicycles,749.99,17249.77
3,312,18,Moderate Stock,False,Electra Townie Commute 8D Ladies' - 2018,Electra,Comfort Bicycles,699.99,12599.82
3,313,0,Out of Stock,True,Electra Townie Original 1 Ladies' - 2018,Electra,Comfort Bicycles,449.99,0.0
