customer_id,total_orders,total_sales,units_purchased,customer_name,city,state
10,3,33634.2604,18,Pamelia Newman,Monroe,NY
6,3,32675.0725,16,Lyndsey Bean,Fairport,NY
16,3,31925.8857,19,Emmitt Sanchez,New York,NY
1,3,27888.183399999998,17,Debra Burks,Orchard Park,NY
61,3,25636.4531,17,Elinore Aguilar,San Angelo,TX
9,3,24433.8818,13,Genoveva Baldwin,Port Washington,NY
12,3,24305.1394,12,Robby Sykes,Hempstead,NY
3,3,24051.527899999997,19,Tameka Fisher,Redondo Beach,CA
43,3,23049.057,17,Mozelle Carter,Houston,TX
66,3,23026.2923,13,Lorrie Becker,Garland,TX
4,3,21150.8927,13,Daryl Spence,Uniondale,NY
31,3,19756.6432,15,Williemae Holloway,Oakland,CA
2,3,19329.0849,15,Kasha Todd,Campbell,CA
33,3,19043.903599999998,11,Deloris Burke,Palos Verdes Peninsula,CA
32,3,18037.285,10,Araceli Golden,Fullerton,CA
5,3,17520.2919,13,Charolette Rice,Sacramento,CA
40,3,17240.562299999998,16,Ronna Butler,Encino,CA
21,3,17123.997499999998,12,Tobie Little,Victoria,TX
47,3,16935.6408,16,Bridgette Guerra,San Lorenzo,CA
19,3,16739.9958,14,Lizzette Stein,Orchard Park,NY
50,3,16179.116699999999,10,Cleotilde Booth,Sugar Land,TX
14,3,15766.7006,13,Garry Espinoza,Forney,TX
18,3,14877.289,15,Georgetta Hardin,Canandaigua,NY
13,3,14774.458299999998,13,Lashawn Ortiz,Longview,TX
24,3,14199.9558,16,Corene Wall,Atwater,CA
53,3,14068.2366,15,Saturnina Garner,Glendora,CA
116,3,12793.6337,13,Merlene Vinson,Euless,TX
20,3,11102.47,10,Aleta Shepard,Sugar Land,TX
68,3,10802.6294,8,Jayne Kirkland,Rowlett,TX
30,3,10355.390800000001,14,Jamaal Albert,Torrance,CA
15,3,9586.8018,10,Linnie Branch,Plattsburgh,NY
46,3,8902.5066,10,Monika Berg,Encino,CA
64,3,8778.1311,11,Bobbie Foster,Desoto,TX
77,3,8522.9542,6,Keri Bridges,Richardson,TX
7,3,7147.1629,6,Latasha Hays,Buffalo,NY
56,3,6680.4439,6,Lolita Mosley,Houston,TX
17,3,5275.326999999999,10,Caren Stephens,Scarsdale,NY
11,3,3690.2361,7,Deshawn Mendoza,Monsey,NY
8,3,2201.6567,5,Jacquline Duncan,Jackson Heights,NY
94,2,34807.9392,15,Sharyn Hopkins,Baldwinsville,NY
75,2,32803.0062,11,Abby Gamble,Amityville,NY
73,2,31913.690199999997,12,Melanie Hayes,Liverpool,NY
93,2,25612.7021,12,Corrina Sawyer,Troy,NY
85,2,23195.0754,14,Teofila Fischer,Huntington Station,NY
35,2,22061.0729,14,Guillermina Noble,Baldwinsville,NY
38,2,21535.6665,10,Zelma Browning,Astoria,NY
58,2,21514.461499999998,16,Damien Dorsey,Central Islip,NY
63,2,20086.3708,14,Tenisha Lyons,Amityville,NY
28,2,19992.8648,15,Jeanice Frost,Ossining,NY
82,2,18995.0137,12,Lizzie Joyner,Coachella,CA
91,2,18856.877,8,Marvin Mullins,San Diego,CA
157,2,17861.1996,13,Carola Rodriquez,Banning,CA
39,2,17783.487399999998,12,Janetta Aguirre,Lancaster,NY
54,2,17225.4439,8,Fran Yang,Utica,NY
109,2,17193.9034,11,Monica Sears,San Jose,CA
153,2,17068.4922,12,Laraine Robbins,San Angelo,TX
119,2,16764.1256,8,Thalia Dillard,San Angelo,TX
22,2,16651.0484,12,Adelle Larsen,East Northport,NY
70,2,16338.9384,7,Tomasa Carson,East Elmhurst,NY
79,2,16025.0715,14,Ashanti Parks,Baldwin,NY
172,2,15841.0992,7,Jeanie Kirkland,Santa Clara,CA
136,2,15314.0132,12,Sarita Parks,Forney,TX
25,2,14529.2583,13,Regenia Vaughan,Mahopac,NY
192,2,14208.3881,9,Bong Hebert,Torrance,CA
37,2,14011.8265,10,Melia Brady,Maspeth,NY
72,2,13914.3345,9,Petronila Norris,South El Monte,CA
59,2,13854.6016,11,Latasha Stanley,Rockville Centre,NY
170,2,13801.2997,9,Regine Gonzales,Oxnard,CA
123,2,13783.781299999999,11,Robena Hill,Corpus Christi,TX
169,2,13678.357,7,Karla Kirk,Palos Verdes Peninsula,CA
187,2,13611.6259,8,Hedwig Paul,Apple Valley,CA
87,2,13546.9484,9,Yan Mcgowan,Duarte,CA
175,2,13023.926,8,Nova Hess,Duarte,CA
231,2,12861.8789,13,Jenee Rasmussen,Sacramento,CA
86,2,12551.997,13,Lissa Vargas,Oswego,NY
194,2,12320.1207,11,Dorine Roberson,Santa Cruz,CA
135,2,12026.9409,10,Dorthey Jackson,Houston,TX
138,2,12010.4969,14,Jone Bernard,Anaheim,CA
29,2,11979.946699999999,6,Syreeta Hendricks,Mahopac,NY
165,2,11907.9041,11,Jeromy Burch,San Jose,CA
104,2,11776.4101,10,Katharina Bates,Campbell,CA
48,2,11705.851999999999,12,Cesar Jackson,Liverpool,NY
224,2,11471.895400000001,14,Moses Pope,Lawndale,CA
65,2,11151.6045,9,Kanesha Vega,Rome,NY
34,2,11035.7581,6,Brittney Woodward,East Northport,NY
89,2,10805.3354,5,Arvilla Osborn,Upland,CA
27,2,10719.0988,11,Santos Valencia,Sunnyside,NY
239,2,10156.896799999999,12,Felice Guzman,Canyon Country,CA
240,2,9959.0962,12,Le Deleon,Banning,CA
60,2,9919.3294,8,Neil Mccall,San Carlos,CA
88,2,9805.2464,6,Titus Bullock,Hollis,NY
80,2,9563.3381,11,Sarai Mckee,Buffalo,NY
26,2,9514.0705,10,Theo Reese,Long Beach,NY
120,2,9425.166799999999,10,Luz House,Fresno,CA
42,2,9205.1175,10,Tangela Quinn,Richmond Hill,NY
90,2,8956.785,9,Marjorie Logan,Franklin Square,NY
181,2,8273.955899999999,5,Olevia Pitts,Redondo Beach,CA
83,2,7793.1507,12,Tiesha Daniel,Scarsdale,NY
69,2,7568.931,8,Katelin Kennedy,Rocklin,CA
76,2,7168.477800000001,14,Parker Prince,Port Jefferson Station,NY
84,2,7154.5445,7,Armand Whitehead,Lindenhurst,NY
51,2,7000.057999999999,6,Gertrud Rhodes,Merrick,NY
57,2,6981.9401,8,Pamala Henry,Bronx,NY
151,2,6863.6268,8,Joesph Delacruz,Atwater,CA
176,2,6829.709199999999,10,Carley Reynolds,South El Monte,CA
52,2,6467.6551,7,Tu Ramirez,East Elmhurst,NY
97,2,6450.952899999999,5,Louanne Martin,Yuba City,CA
124,2,6235.5381,7,Jeni Booker,South El Monte,CA
36,2,6079.942999999999,6,Bernita Mcdaniel,Liverpool,NY
81,2,5660.936900000001,7,Zina Bonner,San Lorenzo,CA
208,2,5651.0267,8,Denis Logan,Ridgecrest,CA
110,2,5371.338,7,Ollie Zimmerman,Anaheim,CA
217,2,5073.0365,7,Carline Collier,Fresno,CA
23,2,4775.9635,4,Kaylee English,Hollis,NY
55,2,4183.6207,9,Diana Guerra,Merrick,NY
62,2,4122.1454,7,Alica Hunter,East Elmhurst,NY
74,2,4036.9719999999998,3,Georgeann Waller,North Tonawanda,NY
41,2,3962.0287,8,Kathie Freeman,Queensbury,NY
121,2,3589.122,4,Lucy Woods,Palos Verdes Peninsula,CA
78,2,3441.2631,4,Chi Goff,Palos Verdes Peninsula,CA
45,2,3347.648,6,Bennett Armstrong,Bethpage,NY
92,2,3037.1355,7,Tena Cruz,Farmingdale,NY
191,2,2593.1289,8,Graciela Barber,Oxnard,CA
117,2,2371.4545,5,Dacia William,Sugar Land,TX
233,2,2317.084,3,Mariana Strong,Santa Clara,CA
44,2,2270.5392,7,Onita Johns,Elmont,NY
237,2,2007.5811999999999,2,Elvera Peck,Banning,CA
71,2,1855.3325,2,Takako Casey,Bronx,NY
188,2,1729.7749999999999,3,Sharla Flynn,Oxnard,CA
49,2,1571.176,3,Caroll Hays,Fairport,NY
67,2,1472.4724999999999,3,Tommie Melton,Sacramento,CA
122,1,24890.6244,5,Shena Carter,Howard Beach,NY
1224,1,24607.0261,8,Abram Copeland,Harlingen,TX
1214,1,20648.9537,5,Brigid Sharp,Santa Clara,CA
425,1,20509.4254,8,Augustina Joyner,Mount Vernon,NY
238,1,20177.7457,7,Cindi Larson,Howard Beach,NY
1023,1,19329.9492,6,Adena Blake,Ballston Spa,NY
464,1,18853.354399999997,7,Bess Mcbride,Garden City,NY
1100,1,18670.928799999998,8,Penny Acevedo,Ballston Spa,NY
227,1,18553.73,8,Danielle Bond,Patchogue,NY
108,1,18281.4729,5,Shae Hickman,Floral Park,NY
1007,1,18278.9436,6,Jimmy Russell,Howard Beach,NY
525,1,18114.9309,8,Andreas Mayer,New Rochelle,NY
289,1,17834.9634,4,Charmain Webster,Richardson,TX
1037,1,17758.349,8,Ashanti Hammond,Nanuet,NY
182,1,17746.5951,7,Jenniffer Bullock,Bay Shore,NY
1005,1,17611.957,5,Ruthanne Franco,Astoria,NY
607,1,17580.7168,9,Paul Lester,Vista,CA
1421,1,17494.9405,7,Edris Barrett,Plattsburgh,NY
339,1,17479.957,5,Tamela Harrell,Central Islip,NY
383,1,17305.9384,7,Ashlee Pena,Whitestone,NY
1391,1,17086.9343,7,Sheryl Chase,Floral Park,NY
976,1,16950.077,8,Ayanna Cherry,Smithtown,NY
651,1,16890.1469,6,Laure Pena,Wappingers Falls,NY
534,1,16846.953999999998,5,Alejandro Haney,Wantagh,NY
1382,1,16491.52,9,Wynona Douglas,Harlingen,TX
184,1,16436.065,5,Klara Stanley,Webster,NY
971,1,15876.4261,8,Samual Warner,Brentwood,NY
1199,1,15455.624999999998,8,Consuela Collier,North Tonawanda,NY
908,1,15439.946799999998,6,Delmar Wise,Lockport,NY
809,1,15416.156500000001,9,Elnora Simpson,Bellmore,NY
1132,1,15205.928399999999,8,Parthenia Holman,Ithaca,NY
840,1,15097.905999999999,6,Gilbert Calhoun,East Elmhurst,NY
531,1,15087.2644,6,Kimberely Bowen,Troy,NY
195,1,14935.0311,8,Addie Hahn,Franklin Square,NY
374,1,14735.4152,7,Candelaria Coffey,Merrick,NY
663,1,14567.157,5,Alissa Hood,New Windsor,NY
1131,1,14566.4345,7,Desmond Rose,Mount Vernon,NY
263,1,14405.0464,7,Dortha Jarvis,Oceanside,NY
904,1,14397.1379,7,Jana Thomas,San Jose,CA
1171,1,14249.6462,6,Earlean Pena,Rome,NY
167,1,14172.218499999999,9,Loreta Johnston,Spring Valley,NY
1020,1,14141.339399999999,7,Lorraine Marks,San Carlos,CA
292,1,13947.544899999999,6,Monty Frost,Hempstead,NY
692,1,13821.530999999999,3,Dorothea Chang,Astoria,NY
296,1,13773.627700000001,8,Sophia Mcmillan,Uniondale,NY
1063,1,13765.546799999998,8,Tammy Austin,Lake Jackson,TX
734,1,13287.526199999998,8,Alina Mcleod,Patchogue,NY
503,1,13242.962,4,Marlo Jefferson,Niagara Falls,NY
595,1,13191.9384,7,Frederica Rojas,Ithaca,NY
681,1,13130.8288,7,Reatha Perez,Holbrook,NY
883,1,13107.440999999999,7,Gilberte Duke,El Paso,TX
226,1,13033.596099999999,7,Kiana Rivera,Richmond Hill,NY
1438,1,12980.938699999999,7,Lee Dunn,San Jose,CA
441,1,12965.746799999999,6,Dorthea Walker,Port Washington,NY
310,1,12935.9494,6,Gilberto Parsons,Middle Village,NY
140,1,12909.9214,9,Cleopatra Tate,East Elmhurst,NY
803,1,12867.958,5,Bernardina Cooper,Whitestone,NY
1070,1,12774.245099999998,6,Olimpia Mays,Oakland Gardens,NY
334,1,12663.956,5,Somer Jordan,Huntington Station,NY
1403,1,12595.073,5,Mila Moody,Troy,NY
700,1,12541.763399999998,4,Collene Knox,Corpus Christi,TX
105,1,12461.5479,7,Marget Hodge,Woodhaven,NY
95,1,12433.4557,5,Letitia Franco,Saratoga Springs,NY
1237,1,12420.713,10,Luke Kramer,Bethpage,NY
1086,1,12400.848,6,Cori Schwartz,Jamaica,NY
1090,1,12392.9547,5,Ira Erickson,Port Jefferson Station,NY
1258,1,12381.8274,8,Todd Waters,Bay Shore,NY
203,1,12369.6265,8,Minerva Decker,Houston,TX
1103,1,12334.956999999999,5,Ardelia Cooley,Canyon Country,CA
1332,1,12307.9627,4,Novella Ross,Glendora,CA
690,1,12104.786,7,Yevette Elliott,Jackson Heights,NY
905,1,12089.981399999999,2,Hae Ramirez,Baldwinsville,NY
1195,1,11993.972,3,Chantell Bridges,Buffalo,NY
330,1,11972.927099999999,8,Sheba Knapp,Woodside,NY
1019,1,11950.4766,6,Janie Herrera,Elmhurst,NY
322,1,11832.453899999999,5,Merideth Preston,Poughkeepsie,NY
747,1,11831.3359,5,Margret Barnett,Forney,TX
509,1,11787.5533,5,Terra Pickett,Amsterdam,NY
473,1,11596.428899999999,8,Lashawna Richardson,Baldwin,NY
871,1,11588.6474,9,Erlinda Humphrey,New Windsor,NY
583,1,11578.6544,7,Lashandra Turner,Long Beach,NY
627,1,11479.5394,7,Deloris Larson,Duarte,CA
275,1,11476.5364,9,Pinkie Kirkland,San Angelo,TX
462,1,11463.958,5,Efren Oliver,Nanuet,NY
350,1,11462.5954,7,Christoper Mccall,Bay Shore,NY
1136,1,11428.653,7,Kallie Best,Rochester,NY
541,1,11406.4285,8,Lanita Burton,Coachella,CA
375,1,11391.43,8,Yan Trevino,Uniondale,NY
415,1,11349.9574,5,Gwendolyn Miller,Harlingen,TX
780,1,11314.073,4,Ouida Gregory,Merrick,NY
1284,1,11299.972,3,Shanice Spears,Brooklyn,NY
1423,1,11238.6544,6,Dollie Cervantes,Fort Worth,TX
547,1,11183.043399999999,6,Tena Huber,Newburgh,NY
1348,1,11183.0335,6,Yvone Guerrero,Merrick,NY
880,1,11120.3254,6,Phebe Turner,Sunnyside,NY
798,1,11062.417099999999,9,Alyse Jacobson,Massapequa Park,NY
295,1,11055.940999999999,7,Danny Kim,South Ozone Park,NY
609,1,11035.847999999998,6,Eliana Reese,Woodhaven,NY
159,1,11013.9345,7,Regina Burns,Garland,TX
783,1,10998.029499999999,8,Celestine Kent,Lancaster,NY
997,1,10986.904,5,Trinidad Mcclain,Baldwin,NY
810,1,10951.561399999999,7,Ivelisse Nixon,Houston,TX
196,1,10949.9468,6,Edythe Valencia,North Tonawanda,NY
245,1,10869.9637,4,Delila Hamilton,Palos Verdes Peninsula,CA
403,1,10866.9622,4,Elouise Fry,Canyon Country,CA
550,1,10794.3537,5,Felicidad Golden,Lockport,NY
1018,1,10792.247,6,Carita Salinas,Maspeth,NY
888,1,10728.4385,7,Coleen Navarro,Webster,NY
815,1,10620.044899999999,8,Leanna Manning,Hicksville,NY
1312,1,10617.973,3,Tereasa Bird,Ronkonkoma,NY
576,1,10574.9624,4,Shirely Stanley,El Paso,TX
247,1,10570.471899999999,3,Muriel Juarez,Palos Verdes Peninsula,CA
1205,1,10563.648,7,Emmaline Huber,Mount Vernon,NY
1138,1,10541.963199999998,4,Hubert Stone,Ridgecrest,CA
867,1,10529.963,4,Rosalva Hamilton,Campbell,CA
1443,1,10372.0934,7,Lezlie Lamb,Central Islip,NY
1440,1,10360.255,7,Ernest Rollins,Oakland Gardens,NY
543,1,10336.9624,4,Jasmin Young,Helotes,TX
147,1,10322.972099999999,3,Bernetta Marquez,Smithtown,NY
126,1,10314.9248,8,Lavina Dejesus,Newburgh,NY
255,1,10269.8557,5,Flossie Holder,Massapequa Park,NY
463,1,10266.9542,5,Jerlene Rios,Plainview,NY
259,1,10231.0464,8,Johnathan Velazquez,Pleasanton,CA
1368,1,10216.235999999999,7,Veronique Fulton,Ballston Spa,NY
715,1,10187.945099999999,8,Larae Carney,Sunnyside,NY
844,1,10186.628499999999,8,Felica Munoz,South Ozone Park,NY
824,1,10132.3624,4,Veronika Rollins,Webster,NY
1225,1,10050.6281,8,Mellisa Griffin,Los Banos,CA
320,1,10047.424500000001,3,Aron Wiggins,Oceanside,NY
594,1,9942.14,7,Deanne Parsons,Lindenhurst,NY
492,1,9927.5559,7,Justa Thompson,Corona,NY
886,1,9927.2049,7,Letisha May,North Tonawanda,NY
1439,1,9919.921,9,Florrie Little,New Rochelle,NY
544,1,9908.4642,4,Catarina Mendez,West Islip,NY
1034,1,9874.6525,6,Rico Salas,Centereach,NY
356,1,9865.4727,3,Vashti Rosario,Bronx,NY
838,1,9849.074,4,Erna Sloan,Howard Beach,NY
421,1,9838.4455,6,Iola Rasmussen,Monroe,NY
186,1,9833.6547,5,Ken Charles,Monsey,NY
345,1,9728.9827,2,Mi Gray,Albany,NY
1415,1,9725.8374,9,Harold O'Connor,Santa Cruz,CA
983,1,9712.9515,9,Marguerite Berger,Fullerton,CA
499,1,9704.944899999999,6,Lidia Ashley,Baldwinsville,NY
411,1,9673.8444,6,Octavia Case,New York,NY
598,1,9645.3834,4,Benito Hendrix,Depew,NY
738,1,9532.3529,7,Fannie Jenkins,Oxnard,CA
329,1,9499.981,2,Marilyn Frank,Port Chester,NY
1261,1,9497.172,6,Adelaida Hancock,San Pablo,CA
1010,1,9479.9557,5,Katia Henry,Bethpage,NY
298,1,9474.9404,7,Jennie Middleton,Upland,CA
559,1,9408.7878,8,Basilia Thornton,Brentwood,NY
1051,1,9399.965,4,Tonisha Fowler,Huntington Station,NY
802,1,9385.101999999999,6,Barrett Sanders,Longview,TX
1201,1,9372.3701,8,Nita Guy,Port Chester,NY
1436,1,9334.509399999999,8,Macie Ayers,Bellmore,NY
279,1,9327.738000000001,7,Justina Long,South El Monte,CA
920,1,9314.8357,7,James Robles,North Tonawanda,NY
1165,1,9301.9304,8,Rikki Morrow,Fort Worth,TX
661,1,9287.9439,6,Trena Hudson,Monroe,NY
1349,1,9278.653900000001,6,Kami Rios,Encino,CA
794,1,9274.9654,4,Donette Mccarthy,Redondo Beach,CA
230,1,9211.523000000001,4,Chelsey Hardin,Deer Park,NY
755,1,9210.7184,9,Tomika Wilder,New Hyde Park,NY
1441,1,9173.3817,4,Jamaal Morrison,Staten Island,NY
282,1,9163.4289,8,Randolph Chase,San Lorenzo,CA
836,1,9161.946,6,Corinna Adams,Rosedale,NY
340,1,9157.756,5,Yanira Bradshaw,Smithtown,NY
517,1,9044.927,6,Buford Gilbert,Bellmore,NY
732,1,8975.157,6,Lavona Austin,Utica,NY
444,1,8945.75,6,Caridad Compton,San Lorenzo,CA
1279,1,8936.446,7,Stan Saunders,Canandaigua,NY
251,1,8879.4529,5,Kasie Rodriquez,Ballston Spa,NY
893,1,8820.1505,8,Letty Cobb,Depew,NY
959,1,8816.954399999999,5,Christel Barber,Sacramento,CA
1031,1,8787.1297,8,Tonja Bean,Fairport,NY
587,1,8763.964399999999,4,Euna Lopez,Carmel,NY
328,1,8740.966,4,Bettie Glover,Euless,TX
713,1,8712.8466,6,Ilona Spears,Port Jefferson Station,NY
145,1,8696.072,5,Miquel Neal,Staten Island,NY
610,1,8696.072,5,Leonore Dorsey,Jackson Heights,NY
252,1,8587.396999999999,6,Eleni Gordon,Richmond Hill,NY
666,1,8570.9665,4,Brittni Green,Floral Park,NY
272,1,8561.2627,8,Deja Chaney,Jamaica,NY
649,1,8550.0527,5,Eli Contreras,Ronkonkoma,NY
1333,1,8534.3743,7,Omega Huff,Santa Monica,CA
351,1,8498.463,5,Margorie Wynn,Monsey,NY
778,1,8481.898000000001,7,Corrinne Garrison,Victoria,TX
1341,1,8476.521999999999,4,Rozanne Reyes,Garden City,NY
149,1,8474.1624,4,Meredith Bryan,Spring Valley,NY
1161,1,8445.9545,5,Santa Larson,Valley Stream,NY
206,1,8429.9454,6,Stephaine Riddle,Brooklyn,NY
1374,1,8394.4714,10,Juliane Dillard,Glendora,CA
564,1,8392.9437,6,Bettie Pierce,Farmingdale,NY
536,1,8376.9244,8,Christiane Bradford,Orchard Park,NY
506,1,8359.215999999999,6,Irving Pitts,Torrance,CA
578,1,8342.939,7,Salena Day,San Lorenzo,CA
1290,1,8336.4169,9,Minnie Compton,South Richmond Hill,NY
115,1,8327.9477,6,Rey Lindsay,Monroe,NY
870,1,8309.4449,6,Dwain Carlson,Smithtown,NY
1084,1,8303.3719,5,Regine Odom,Franklin Square,NY
1192,1,8299.965,4,Gena Owens,Desoto,TX
1069,1,8280.543,4,Rodolfo Buck,Shirley,NY
1236,1,8263.866999999998,4,Rudolph Velez,Mount Vernon,NY
420,1,8204.5302,8,Vince Schneider,Merrick,NY
990,1,8200.7267,8,Casimira Chapman,Monroe,NY
800,1,8177.054099999999,5,Cris Dunn,Pittsford,NY
637,1,8127.9469,6,Kara Higgins,Ossining,NY
479,1,8109.950500000001,6,Gertha Mejia,Flushing,NY
384,1,8096.4455,6,Aimee Merritt,Flushing,NY
808,1,8083.9627,4,Vallie Dixon,Rowlett,TX
173,1,8072.331,8,Marquerite Dawson,Garland,TX
1435,1,8069.656499999999,7,Merrie Fowler,Scarsdale,NY
991,1,8062.1245,7,Brigida Larson,Canyon Country,CA
496,1,8056.767999999999,4,Shu Mays,Astoria,NY
1060,1,8011.312,4,Tommie Cooley,Lancaster,NY
1148,1,8009.032099999999,8,Lenore Valdez,Spring Valley,NY
1445,1,7999.9839999999995,2,Ester Acevedo,San Lorenzo,CA
934,1,7999.963,4,Ocie Slater,Hamburg,NY
960,1,7995.8047,6,Arline Lawson,Hempstead,NY
1238,1,7993.865,4,Edgar Quinn,Harlingen,TX
878,1,7984.938999999999,7,Melodie Melton,Smithtown,NY
160,1,7975.973,3,Omer Estrada,Rowlett,TX
687,1,7971.2261,8,Cecilia Camacho,Desoto,TX
1360,1,7967.4144,7,Latashia Travis,Upland,CA
112,1,7952.0464,8,Yuk Vega,West Hempstead,NY
916,1,7951.1467999999995,6,Alishia Elliott,Mount Vernon,NY
1118,1,7947.441999999999,6,Ja Dillard,Canyon Country,CA
1026,1,7938.9374,7,Jenine Dawson,Endicott,NY
1300,1,7932.946499999999,6,Clorinda Donovan,Jamestown,NY
728,1,7918.8446,8,Viva Dawson,Orchard Park,NY
1406,1,7900.4347,7,Farrah Orr,New Hyde Park,NY
727,1,7855.240499999999,8,Kasha Sullivan,Scarsdale,NY
1315,1,7848.2627999999995,5,Omega Johnston,Canyon Country,CA
581,1,7824.040099999999,8,Vonda Berger,Santa Clara,CA
453,1,7823.9439999999995,7,Courtney Wyatt,Garden City,NY
1274,1,7791.055699999999,5,Odette Moses,Newburgh,NY
877,1,7783.4219,9,Janine Manning,Howard Beach,NY
545,1,7782.873,3,Tajuana Rollins,Oswego,NY
1081,1,7747.739,7,Carson Macias,New Rochelle,NY
407,1,7719.957,5,Dannette Guerrero,San Pablo,CA
1398,1,7688.2721,5,Nevada Hood,Hopewell Junction,NY
96,1,7681.124,4,Floretta Higgins,Bayside,NY
1052,1,7663.949,6,Zora Ford,Sacramento,CA
859,1,7659.3381,8,Julianne Shannon,Sugar Land,TX
853,1,7601.1547,7,Brittney Rojas,Kingston,NY
1227,1,7587.515399999999,5,Magali Dixon,Troy,NY
787,1,7575.3454,6,Malisa Mitchell,Mount Vernon,NY
529,1,7568.0544,7,Ellena Clements,Santa Monica,CA
128,1,7536.1622,4,Terrance Lynn,Plattsburgh,NY
269,1,7526.036700000001,7,Barton Crosby,Bellmore,NY
1249,1,7520.0371,7,Barbra Dickerson,Ridgecrest,CA
225,1,7486.3314,8,Barbera Riggs,Plainview,NY
1307,1,7482.136399999999,7,Cinda Rocha,Los Banos,CA
390,1,7439.9814,2,Lorrie Pollard,Ronkonkoma,NY
1370,1,7439.9814,2,Rona Rojas,San Jose,CA
308,1,7394.9644,4,Mazie Fernandez,Webster,NY
472,1,7350.4645,4,Myron Ruiz,Amityville,NY
1245,1,7345.7374,7,Gabriela Warren,Long Beach,NY
1125,1,7339.4195,9,Caleb England,Pleasanton,CA
793,1,7327.0401,9,Chantay Maynard,Elmhurst,NY
1043,1,7256.773799999999,5,Diane Jones,Fresh Meadows,NY
675,1,7253.6195,9,Kermit Bowman,El Paso,TX
540,1,7251.9655,4,Shery Randolph,Ontario,CA
268,1,7211.7234,5,Trinity Riddle,Ballston Spa,NY
394,1,7184.9724,3,Virgen Clemons,South El Monte,CA
782,1,7183.3227,4,Ricki Bullock,Woodside,NY
354,1,7179.9832,5,Tonda Armstrong,Sunnyside,NY
726,1,7176.2149,7,Rochell Cantrell,Port Jefferson Station,NY
1120,1,7159.9556999999995,5,Karole Alvarez,East Northport,NY
1162,1,7157.3531,5,Carmelina Sellers,Ithaca,NY
242,1,7143.6644,4,Rutha Howell,Canyon Country,CA
1151,1,7139.954,5,Herminia Reyes,Centereach,NY
985,1,7130.540499999999,7,Milagros Weber,Harlingen,TX
672,1,7111.0354,7,Elma Molina,New Rochelle,NY
569,1,7105.7751,6,Lucas Estes,Santa Monica,CA
1150,1,7091.936699999999,7,Keturah Reid,Corpus Christi,TX
125,1,7067.962799999999,4,Herlinda Stone,Canandaigua,NY
1230,1,7063.4639,4,Jesus Burch,Desoto,TX
1422,1,7049.673,3,Tempie Jacobson,Smithtown,NY
1314,1,7045.1564,7,Joeann Garrison,Ontario,CA
538,1,7042.6723999999995,7,Sherie Ayala,South El Monte,CA
665,1,7040.846399999999,6,Stacie Sims,Oakland,CA
626,1,7022.962399999999,4,Leigh Burke,Schenectady,NY
1372,1,7021.1487,6,Renna Williams,South Ozone Park,NY
417,1,7004.840999999999,7,Zoraida Patton,Huntington Station,NY
1442,1,6987.2487,8,Cassie Cline,Brooklyn,NY
922,1,6978.715099999999,6,Elvia Cardenas,Massapequa,NY
491,1,6971.5536999999995,5,Celestine Jacobs,Massapequa,NY
107,1,6961.0917,5,Cecil Hopper,Central Islip,NY
481,1,6947.9474,6,Jayson Rutledge,Lake Jackson,TX
895,1,6929.1049,6,Elaina Key,Plainview,NY
349,1,6912.1714999999995,3,Mable Pratt,Coachella,CA
218,1,6902.465,7,Casey Gill,Port Washington,NY
754,1,6887.1357,7,Hue May,Valley Stream,NY
314,1,6872.9437,6,Javier Nichols,Rowlett,TX
276,1,6866.9384,7,Lavette Wright,Ronkonkoma,NY
866,1,6843.9442,6,Lynwood Jackson,Longview,TX
837,1,6829.530999999999,8,Kellye Campbell,Baldwinsville,NY
1015,1,6824.9724,3,Nichelle Rosario,Garden City,NY
316,1,6815.9474,6,Hortencia Graham,Euless,TX
505,1,6813.7535,5,Wilda Petersen,Jamaica,NY
490,1,6804.957999999999,5,Yu Mcdonald,Ossining,NY
689,1,6803.9719,3,Deirdre Ryan,Utica,NY
1248,1,6794.082,3,Bethany Herring,Port Jefferson Station,NY
948,1,6793.9655,4,Siobhan Lang,Levittown,NY
1089,1,6784.9567,5,Chere Mcfadden,Orchard Park,NY
1426,1,6782.3368,9,Londa Gould,Corpus Christi,TX
1159,1,6764.5727,5,Charlene Norris,Syosset,NY
702,1,6762.1399,7,Sharie Whitaker,Merrick,NY
1158,1,6754.9376,7,Vito Pickett,Canandaigua,NY
631,1,6749.9734,3,Tressa Weiss,Ossining,NY
366,1,6744.773999999999,3,Lavonne Anderson,Floral Park,NY
1006,1,6723.0765,8,Marjory Leonard,Apple Valley,CA
1126,1,6718.5542,5,Elmira Levy,Spring Valley,NY
896,1,6715.433999999999,5,Stefani Gamble,New City,NY
1012,1,6712.8464,6,Josephine Dale,Baldwinsville,NY
1122,1,6701.455,5,Cicely Deleon,Massapequa Park,NY
220,1,6672.2947,7,Lucio Sherman,Smithtown,NY
379,1,6671.6012,2,Mina Carrillo,Uniondale,NY
717,1,6659.9627,4,Kristofer Craig,Plainview,NY
1137,1,6654.4734,5,Dottie Roberts,Port Washington,NY
367,1,6602.950500000001,6,Blanca Hooper,Ozone Park,NY
1424,1,6591.976000000001,3,Lashunda Cole,Monsey,NY
372,1,6578.9654,4,Collene Roman,Wappingers Falls,NY
571,1,6578.9291,8,Kaley Blanchard,Palos Verdes Peninsula,CA
1359,1,6543.0622,6,Octavia Donaldson,Levittown,NY
999,1,6530.911899999999,5,Latoya Johns,Ballston Spa,NY
768,1,6515.955,5,Yvone Yates,San Pablo,CA
1347,1,6495.972,3,Kate Barber,Saratoga Springs,NY
306,1,6489.565,4,Vikki Erickson,Kingston,NY
568,1,6479.9439999999995,7,Arcelia Vinson,West Islip,NY
646,1,6468.2263,8,Ann Heath,South El Monte,CA
574,1,6462.4635,4,Adriene Rivera,Encino,CA
360,1,6448.2907,5,Van Peters,Houston,TX
963,1,6416.5944,8,Anisha Lang,Rome,NY
1024,1,6412.554700000001,5,Coleman Boyd,El Paso,TX
579,1,6397.4717,3,Matilda Larson,Harlingen,TX
972,1,6396.9646999999995,4,Damian Mills,Long Beach,NY
748,1,6382.9455,6,Oliva Blackwell,Elmhurst,NY
1302,1,6349.3634999999995,4,Verda Gilbert,East Northport,NY
984,1,6335.6637,5,Ivette Warren,Franklin Square,NY
484,1,6332.9424,4,Chelsey Boyd,Euless,TX
1291,1,6330.574699999999,3,Shiloh Bates,Monsey,NY
1048,1,6319.946,6,Ji Burt,Apple Valley,CA
1149,1,6265.955,5,Drucilla Gilliam,Santa Clara,CA
246,1,6261.957399999999,5,Dionne Norris,Niagara Falls,NY
488,1,6259.264999999999,4,Joaquin Hawkins,Anaheim,CA
696,1,6240.553999999999,3,Norine Huffman,Encino,CA
1206,1,6239.2787,6,Mercy Brown,Hollis,NY
1247,1,6239.0936,7,Tammie Cherry,Massapequa,NY
882,1,6229.1214,4,Hilda Harvey,Ballston Spa,NY
500,1,6196.6444,6,Moira Lester,Jackson Heights,NY
1144,1,6187.1539,5,Jewel Sparks,Oakland Gardens,NY
146,1,6183.5624,6,Stefany Potter,Saratoga Springs,NY
111,1,6177.7725,3,Shila White,Orchard Park,NY
758,1,6169.963,4,Raymonde Garcia,Queensbury,NY
212,1,6155.964400000001,4,Buford Bridges,Troy,NY
724,1,6152.6533,5,Lois Steele,Ossining,NY
1135,1,6150.936699999999,7,Alisia Albert,Garland,TX
293,1,6102.963,4,Tiny French,Plainview,NY
1276,1,6089.983,2,Shona Mcmillan,Apple Valley,CA
1350,1,6089.9304,8,Annett Rush,Rosedale,NY
723,1,6074.0482,6,Vicki Wiggins,Wappingers Falls,NY
1040,1,6068.9490000000005,8,Shantae Hammond,Victoria,TX
127,1,6034.965399999999,4,Erlinda Nielsen,Maspeth,NY
426,1,6023.9545,5,Daisy Ward,Pomona,CA
235,1,5989.965,4,Jeromy Elliott,Bay Shore,NY
919,1,5989.9367,7,Ruthanne Hoover,Torrance,CA
1396,1,5984.981,2,Delma Bailey,Anaheim,CA
660,1,5959.0657,4,Shara Pope,Ridgecrest,CA
1174,1,5927.5509999999995,3,Aaron Knapp,Yonkers,NY
352,1,5925.5601,7,Josef Greer,Jamaica,NY
1316,1,5925.4747,3,Conrad Mueller,Massapequa,NY
744,1,5923.9551,5,Laurel Schultz,Mount Vernon,NY
1392,1,5922.4725,3,Trista Lambert,Fairport,NY
577,1,5909.6148,7,Danille Mcfarland,Rocklin,CA
749,1,5893.554999999999,5,Oralia Farley,Upland,CA
1257,1,5893.5494,6,Rosamaria Meyer,Webster,NY
1330,1,5891.162399999999,4,Karren Stevenson,San Carlos,CA
179,1,5887.3423999999995,4,Deane Sears,Pittsford,NY
1021,1,5863.4454,6,Nicolas Carlson,Saint Albans,NY
1057,1,5851.9257,8,Conchita Boone,Mount Vernon,NY
1085,1,5841.5215,4,Adam Thornton,Central Islip,NY
1152,1,5841.0992,6,Tuyet Rosa,South El Monte,CA
862,1,5835.857999999999,5,Mellie Puckett,Fresh Meadows,NY
486,1,5834.1357,6,Valeri Marshall,East Meadow,NY
1310,1,5833.9747,3,Emanuel Mckee,Schenectady,NY
640,1,5809.477400000001,9,Allison Nolan,New City,NY
774,1,5806.037499999999,7,Nenita Mooney,Lawndale,CA
863,1,5801.934,5,Shonta Preston,Utica,NY
833,1,5779.8175,9,Leone Emerson,Whitestone,NY
1172,1,5777.7667,6,Katherin Clark,Pittsford,NY
1119,1,5775.5446999999995,4,Tora Dunlap,Monsey,NY
461,1,5768.2144,5,Effie Jenkins,Brentwood,NY
1215,1,5745.9552,5,Karl Stephens,Rockville Centre,NY
1244,1,5732.4652,4,Trang Hardin,Depew,NY
332,1,5728.9344,5,Reena Higgins,Canyon Country,CA
1134,1,5723.7441,7,Sherril Alvarado,Desoto,TX
327,1,5716.596,9,Sharie Alvarez,New York,NY
1112,1,5709.9555,5,Hollis Rasmussen,Massapequa,NY
274,1,5701.1053999999995,8,Josh Shaw,Hopewell Junction,NY
1014,1,5699.981,2,Ling Newman,South Richmond Hill,NY
1365,1,5699.981,2,Shenna Espinoza,Queensbury,NY
1260,1,5686.5815,3,Phuong Wolf,Schenectady,NY
281,1,5672.281,4,Rayna Perry,Ozone Park,NY
923,1,5671.1307,3,Randee Pitts,Canyon Country,CA
1321,1,5644.9151999999995,4,Shantel Gregory,West Islip,NY
1041,1,5627.956999999999,5,Bettye Espinoza,Oswego,NY
1373,1,5600.0574,6,Lanora Robbins,West Babylon,NY
903,1,5588.5185,9,Maira Long,Hicksville,NY
1042,1,5588.3444,8,Larissa Hays,Elmont,NY
567,1,5579.962799999999,4,Sheila Travis,Longview,TX
565,1,5578.1307,3,Dagny Owen,San Angelo,TX
1200,1,5565.5644999999995,6,Aubrey Durham,Port Washington,NY
958,1,5557.3307,8,Ciera Koch,Euless,TX
762,1,5537.981699999999,2,Quyen Houston,Central Islip,NY
998,1,5528.957,5,Heather Chaney,Jamestown,NY
1254,1,5515.9646999999995,4,Dung Reid,Canyon Country,CA
751,1,5498.3679999999995,4,Hermila Mckay,Coachella,CA
410,1,5478.9484999999995,6,Conception Slater,Bellmore,NY
1240,1,5444.955999999999,5,Bella Perez,Duarte,CA
605,1,5442.074,4,Renita Henry,New Rochelle,NY
460,1,5440.3624,4,Romelia Myers,Garden City,NY
99,1,5431.8955,7,Carie Kidd,Monroe,NY
312,1,5419.973,3,Cameron Carroll,Longview,TX
1235,1,5417.9727,3,Georgina Gonzales,Endicott,NY
1220,1,5404.055699999999,5,Carissa Cross,Huntington Station,NY
100,1,5399.982,2,Kellie Franco,Commack,NY
530,1,5382.0464,6,Selene Austin,Duarte,CA
1280,1,5342.1559,5,Jackeline Colon,Wappingers Falls,NY
961,1,5338.9555,6,Iva Wilcox,Kingston,NY
1390,1,5333.335,7,Genoveva Lloyd,Bayside,NY
1303,1,5332.9467,6,Renay Atkins,Woodside,NY
257,1,5315.9042,5,Earl Stanley,Elmhurst,NY
364,1,5291.964999999999,4,Bev Chang,Ithaca,NY
1259,1,5270.9448,6,Kimbery Nieves,San Carlos,CA
1213,1,5244.955,5,Yang Giles,San Angelo,TX
1319,1,5231.8529,7,Claris Santiago,Newburgh,NY
278,1,5226.6626,4,Myesha Burgess,Campbell,CA
413,1,5225.9475,6,Ginette Edwards,Baldwin,NY
142,1,5224.9905,1,Nicholas Vazquez,West Hempstead,NY
643,1,5224.5464,6,Melba Wilkinson,Floral Park,NY
1395,1,5220.4734,6,Eliseo Knight,Woodhaven,NY
611,1,5219.982,2,Ashleigh Frank,Levittown,NY
917,1,5219.982,2,Vernia Madden,Troy,NY
361,1,5154.146699999999,6,Virgina Berg,Valley Stream,NY
701,1,5126.9531,5,Alysia Nicholson,Oxnard,CA
1273,1,5122.348,7,Cheree Hale,Oswego,NY
337,1,5119.353999999999,7,Majorie Wyatt,South Ozone Park,NY
1268,1,5115.964099999999,4,Sung Chambers,Kingston,NY
1313,1,5114.0907,2,Dante Grimes,Duarte,CA
966,1,5107.8638,6,Novella Patel,Glen Cove,NY
989,1,5090.4175,7,Loreen Byers,South Ozone Park,NY
447,1,5080.623,6,Chasidy Tran,Vista,CA
428,1,5062.3384,7,Hipolito Padilla,New Rochelle,NY
779,1,5055.112999999999,5,Major Merrill,Astoria,NY
1334,1,5024.1645,5,Ashleigh Finch,Newburgh,NY
1295,1,5022.957399999999,5,Alline Beasley,North Tonawanda,NY
524,1,5017.8551,5,Larraine Horn,Utica,NY
1233,1,5015.7377,6,Lise Hebert,Vista,CA
1322,1,5014.9637,4,Ai Forbes,Franklin Square,NY
1147,1,5004.5978,7,Kandace Ayers,Santa Monica,CA
848,1,4991.9665,4,Ernestina Skinner,Elmhurst,NY
1411,1,4960.458699999999,5,Shanda Stevenson,Freeport,NY
912,1,4949.991,1,Inocencia Key,Massapequa Park,NY
1190,1,4922.9484999999995,6,Romeo Steele,Port Jefferson Station,NY
1397,1,4921.154399999999,6,Dewayne Herring,Webster,NY
313,1,4918.366,6,Melani Jarvis,Maspeth,NY
216,1,4912.156999999999,5,Wai Soto,Bethpage,NY
615,1,4911.4379,7,Jamika Blanchard,Fresh Meadows,NY
603,1,4890.3654,6,Genevieve Juarez,New Hyde Park,NY
459,1,4877.406,6,Latosha Dalton,Bakersfield,CA
773,1,4873.9556999999995,5,Yolando Wade,Massapequa,NY
440,1,4863.968,4,Yevette Todd,Ballston Spa,NY
163,1,4851.1372,7,Margert Stevens,Rome,NY
973,1,4835.376,9,Margaretta Clayton,Ridgecrest,CA
1408,1,4829.1825,4,Eleanor Mendez,Port Chester,NY
945,1,4814.6255,8,Krissy Ochoa,Port Washington,NY
1078,1,4803.6301,8,Theresia Barron,Forest Hills,NY
682,1,4799.9839999999995,2,Arnita Thomas,Orchard Park,NY
213,1,4789.7348,7,Elenore Hensley,Hamburg,NY
819,1,4784.1587,7,Yahaira Robertson,Endicott,NY
965,1,4781.931,8,Margit Osborn,Plainview,NY
1209,1,4778.0236,6,Deandrea Cox,Huntington,NY
1378,1,4776.0444,6,Enoch Rosario,Fresno,CA
400,1,4766.8345,7,Alfredo Dodson,Depew,NY
288,1,4765.4287,8,Keturah Massey,Banning,CA
1242,1,4762.4631,4,Chauncey Donaldson,Franklin Square,NY
906,1,4749.981,2,Erik Leblanc,Sugar Land,TX
739,1,4746.6324,3,Bobbi Banks,Bayside,NY
765,1,4737.2644,4,Spring Hayes,Ossining,NY
478,1,4700.0627,4,Emmett Hahn,Freeport,NY
396,1,4699.9556999999995,5,Laverna Hernandez,Niagara Falls,NY
1301,1,4692.8641,6,Raven Curtis,Lawndale,CA
929,1,4689.4559,5,Thurman Ellis,Pleasanton,CA
443,1,4685.0969,6,Ayana Keith,Oxnard,CA
1169,1,4665.5492,6,Beatris Joyner,Spring Valley,NY
197,1,4655.0404,7,Andy O'Neill,Rego Park,NY
555,1,4654.9529999999995,7,Marry Benjamin,Forney,TX
952,1,4644.913,4,Aileen Marquez,Torrance,CA
1425,1,4639.9839999999995,2,Justina Jenkins,Shirley,NY
1328,1,4633.8544,7,Cindie Franklin,Lawndale,CA
885,1,4624.9377,7,Janna Hayden,Longview,TX
742,1,4617.758,5,Evelina Manning,Mount Vernon,NY
280,1,4616.014499999999,5,Brenda Tate,San Angelo,TX
199,1,4571.0727,3,Clelia Workman,New Windsor,NY
223,1,4563.091,3,Scarlet Yates,Patchogue,NY
986,1,4544.8471,6,Marcel Lindsay,Ossining,NY
1164,1,4539.974,3,Patrina Tanner,Scarsdale,NY
156,1,4534.383,4,Charlyn Cantrell,West Islip,NY
839,1,4521.8839,6,Carolann Russell,Glen Cove,NY
736,1,4507.6134,5,Genny Hensley,Redondo Beach,CA
1056,1,4503.7459,6,Rebbecca Espinoza,Mount Vernon,NY
970,1,4499.991,1,Ruth Horton,Hollis,NY
1196,1,4499.991,1,Ileana Holt,Patchogue,NY
1202,1,4497.5817,3,Carmina Emerson,Banning,CA
1129,1,4497.0048,6,Gilberto Sanders,Woodside,NY
894,1,4495.2725,5,Nathaniel Richard,New Windsor,NY
1062,1,4477.174,4,Jerri Guthrie,Carmel,NY
1354,1,4475.4635,6,Alexandria Zamora,Schenectady,NY
1153,1,4466.6452,6,Ara Vazquez,San Carlos,CA
344,1,4464.6642,7,Herta Rollins,Mountain View,CA
554,1,4459.2184,9,Hilde Nieves,Campbell,CA
566,1,4458.955,5,Cinthia Poole,Lake Jackson,TX
995,1,4447.724,6,Amina Salazar,Canandaigua,NY
1091,1,4445.0609,8,Risa Gallagher,Rocklin,CA
711,1,4436.6034,6,Jovita Bishop,Staten Island,NY
526,1,4422.9400000000005,8,Lazaro Moran,Sugar Land,TX
1419,1,4399.992,1,Lurlene Cotton,Pleasanton,CA
215,1,4397.9639,4,Judith Finley,Whitestone,NY
606,1,4387.966,4,Sarah Kirkland,Wappingers Falls,NY
887,1,4369.344499999999,6,Graig Cannon,Syosset,NY
910,1,4334.058499999999,5,Elenore William,Mcallen,TX
730,1,4327.0254,8,Andria Rivers,Amarillo,TX
756,1,4318.4515,5,Graig Roth,West Babylon,NY
537,1,4318.0054,8,Carter Bentley,Carmel,NY
931,1,4305.957600000001,7,Porter Bass,San Angelo,TX
1362,1,4299.957,5,Christiana Gross,Orchard Park,NY
900,1,4298.4537,5,Jule Davenport,San Carlos,CA
161,1,4296.1815,4,Crystle Gilliam,Smithtown,NY
527,1,4279.5725,5,Afton Juarez,Coram,NY
955,1,4274.981,2,Delfina Gilliam,West Babylon,NY
624,1,4271.1134,5,Sharika Colon,Long Beach,NY
975,1,4269.9572,5,Annis Sanchez,Los Angeles,CA
113,1,4236.3466,6,Eliana Silva,Farmingdale,NY
807,1,4231.121999999999,4,Nathalie Knowles,West Islip,NY
1433,1,4226.2305,8,Nicola Knight,Scarsdale,NY
155,1,4214.9734,3,Lory Page,Bay Shore,NY
1298,1,4214.9468,6,Trudy Riddle,Schenectady,NY
781,1,4205.9817,2,Tajuana Riddle,Bayside,NY
1269,1,4204.5258,7,Gustavo Gamble,Port Washington,NY
1101,1,4196.9552,5,Louise Flowers,Depew,NY
612,1,4196.0278,8,Gabriel Wagner,Ballston Spa,NY
1097,1,4195.3079,6,Collen Dennis,San Pablo,CA
1163,1,4186.5267,6,Carmela Hays,Lawndale,CA
1113,1,4171.9479,7,Kendra Harrington,Jamestown,NY
831,1,4169.9817,2,Lory Berg,Oswego,NY
861,1,4169.9815,2,Olympia Figueroa,Hopewell Junction,NY
1096,1,4169.3542,5,Tonda Webb,Baldwinsville,NY
1246,1,4167.846,6,Dale Rasmussen,Kingston,NY
1418,1,4162.8555,5,Penni Best,Anaheim,CA
236,1,4157.9724,3,Verona O'Neill,Selden,NY
301,1,4156.6929,5,Annett Garrett,Scarsdale,NY
335,1,4147.662,4,Scarlet Reed,Bronx,NY
1141,1,4135.9565,5,Mallie Osborn,Newburgh,NY
338,1,4132.992,3,Abbey Pugh,Forest Hills,NY
1067,1,4130.3445,6,Lillia Gillespie,Rego Park,NY
178,1,4125.5565,5,Genoveva Tyler,New York,NY
1133,1,4115.972400000001,3,Dung King,West Islip,NY
1376,1,4109.065,5,Kimberley Reynolds,Port Washington,NY
760,1,4105.112999999999,5,Marisa Chambers,Amityville,NY
619,1,4100.4358999999995,7,Ana Palmer,Anaheim,CA
202,1,4095.0138,5,Marni Bolton,Lancaster,NY
162,1,4094.8481,6,Kam Wilder,Newburgh,NY
1175,1,4092.8567000000003,5,Sindy Anderson,Pomona,CA
691,1,4067.6639999999998,6,Ladawn Downs,Houston,TX
1072,1,4064.8377,7,Maryalice Henry,Richardson,TX
946,1,4062.3334,5,Angella Bridges,Pittsford,NY
801,1,4044.8487,6,Ophelia Rodgers,Hopewell Junction,NY
1263,1,4044.783,2,Rufina Chandler,New Hyde Park,NY
395,1,4041.1537,6,Fairy Robinson,Liverpool,NY
600,1,4038.5027,6,Joi Reeves,San Diego,CA
806,1,4037.9647,4,Reyes Merritt,Staten Island,NY
1066,1,4030.957,5,Raeann Duncan,Anaheim,CA
450,1,4030.0561000000002,7,Ellsworth Michael,Carmel,NY
597,1,4017.4401,7,Rudolf Moran,Maspeth,NY
386,1,4012.6457,6,Nelle Beck,Upland,CA
644,1,4001.9184,9,Valentin Mclaughlin,Lindenhurst,NY
521,1,3998.362,6,Max Charles,Glen Cove,NY
362,1,3997.9746999999998,3,Olevia Noel,Kingston,NY
865,1,3995.6247,7,Julia Joyner,Astoria,NY
1329,1,3994.4559,5,Sharyn Brewer,Hollis,NY
1311,1,3975.2343,8,Whitley Cannon,Coram,NY
118,1,3974.6254,4,Le Wood,Pittsford,NY
662,1,3960.4315,8,Loraine Sykes,Scarsdale,NY
1178,1,3950.3624,4,Wendie Nash,Oxnard,CA
614,1,3935.9680000000003,4,Toshia Cardenas,Amsterdam,NY
143,1,3920.663,4,Janae Doyle,Jackson Heights,NY
1001,1,3911.8624999999997,4,Lee Roman,Brentwood,NY
309,1,3900.6587,5,Anderson Martin,Canandaigua,NY
1324,1,3900.0607,4,Arla Ellis,Utica,NY
1054,1,3899.9656999999997,4,Arielle Levine,Garland,TX
1102,1,3891.5125,7,Henrietta Wagner,Fort Worth,TX
1083,1,3866.0454,6,Cher Alston,Wantagh,NY
937,1,3865.7653999999998,4,Aida Koch,West Hempstead,NY
625,1,3860.1454,6,Donnetta Henson,Webster,NY
437,1,3859.928,8,Laureen Barry,Orchard Park,NY
150,1,3840.882,4,Weldon Michael,Huntington,NY
645,1,3818.293,7,Lewis Garner,Brentwood,NY
1203,1,3818.2124000000003,10,Georgeann Rojas,Desoto,TX
686,1,3816.4624,4,Darcel Harmon,Santa Clara,CA
133,1,3810.823,4,Delbert Wilkins,Coram,NY
234,1,3804.9214,9,Winfred Harris,East Meadow,NY
168,1,3801.6486999999997,8,Nettie Mcdaniel,South Ozone Park,NY
1437,1,3799.9905,1,Son Warner,Rockville Centre,NY
950,1,3799.1634,4,Verna Solis,Rochester,NY
1088,1,3793.158,5,Jane Henderson,Apple Valley,CA
1296,1,3768.94,7,Travis Whitley,Saint Albans,NY
515,1,3766.6347,5,Reita Dickson,Scarsdale,NY
1156,1,3763.8714999999997,3,Han Wade,Howard Beach,NY
134,1,3751.874,3,Brianna Moss,Hempstead,NY
890,1,3750.8732,3,Rosanne George,Ossining,NY
171,1,3723.8275000000003,8,Miriam Baker,Uniondale,NY
1262,1,3722.9829999999997,2,Brianne Hays,San Pablo,CA
1115,1,3720.8885,7,Lina Meadows,Glen Cove,NY
673,1,3695.4745,3,Adam Henderson,Los Banos,CA
826,1,3671.7054,6,Shay Stephenson,Smithtown,NY
1188,1,3668.926,8,Marcene Curtis,Yonkers,NY
856,1,3659.9824999999996,2,Lara Guy,Ronkonkoma,NY
297,1,3658.1810000000005,4,Christia Carson,Helotes,TX
270,1,3646.9827,2,Claudio Wise,Kingston,NY
474,1,3644.045,4,Lavern Orr,Webster,NY
152,1,3643.544,4,Katherina Odom,Plainview,NY
205,1,3642.0126,6,Harris Pittman,Jamaica,NY
657,1,3633.359,7,Sam Lester,Baldwin,NY
1430,1,3628.5126999999998,2,Tayna Wade,Bakersfield,CA
1353,1,3613.7245000000003,6,Agatha Daniels,South El Monte,CA
210,1,3599.991,1,Priscilla Wilkins,Albany,NY
1003,1,3594.863,4,Sharell Ross,Vista,CA
716,1,3591.2699999999995,4,Sebrina Hart,Coram,NY
1223,1,3589.566,4,Bronwyn Vargas,New Windsor,NY
670,1,3586.707,7,Shawnda Glover,Liverpool,NY
1189,1,3581.4619999999995,4,Sheila Goodman,Uniondale,NY
277,1,3570.5559999999996,5,Mark Garrett,Monroe,NY
898,1,3567.561,2,Crysta Velez,Houston,TX
1028,1,3564.9664999999995,4,Shanna Bonner,Canandaigua,NY
641,1,3563.0245,4,Derrick Marks,Glendora,CA
761,1,3546.929,8,Rod Hatfield,Ronkonkoma,NY
599,1,3535.2759,5,Jonell Rivas,Amarillo,TX
694,1,3531.3039000000003,6,Lanie Dunn,North Tonawanda,NY
469,1,3511.7384,7,Micki Rutledge,Richmond Hill,NY
512,1,3509.973,3,Hee Greer,Selden,NY
1306,1,3505.766,4,America Swanson,Webster,NY
560,1,3502.4932,6,Tricia Daniels,Forney,TX
907,1,3495.6623999999997,4,Daina Sampson,Longview,TX
432,1,3489.9734,3,Julius Holt,East Meadow,NY
1219,1,3484.0719,6,Alden Atkinson,Shirley,NY
648,1,3475.8443,6,Catrice Hicks,San Pablo,CA
823,1,3464.0224,4,Tina Bush,Maspeth,NY
705,1,3463.545,4,Camille Harvey,Huntington,NY
1093,1,3447.2278,8,Alejandrina Hodges,Deer Park,NY
1358,1,3443.9377,7,Noble Glover,Orchard Park,NY
1346,1,3442.8135,5,Sanora Webster,Los Angeles,CA
1211,1,3439.944,6,Brenton Whitaker,Niagara Falls,NY
435,1,3439.4575,5,Izola Hobbs,Woodhaven,NY
1191,1,3439.1719,3,Tam Fisher,Rochester,NY
1080,1,3430.9631,6,Mirella Duffy,Longview,TX
1124,1,3419.9809999999998,2,Hubert Reilly,Amityville,NY
994,1,3403.8540000000003,5,Demarcus Reese,Yorktown Heights,NY
864,1,3390.4649999999997,4,Lore Sykes,Buffalo,NY
1344,1,3377.973,3,Eloisa Tucker,Howard Beach,NY
813,1,3376.5951,7,Neville Mcclain,West Hempstead,NY
616,1,3372.138,8,Shery Acosta,Saratoga Springs,NY
1071,1,3370.5721000000003,6,Shemeka Lyons,Pomona,CA
709,1,3359.9717,3,Vinnie Chan,Forest Hills,NY
1265,1,3359.7477,6,Bonita Marshall,Endicott,NY
260,1,3349.6486999999997,6,Rodrick Shelton,Canyon Country,CA
688,1,3347.9814,2,Pearlie Cochran,Campbell,CA
533,1,3346.0319,3,Garret Clay,Corpus Christi,TX
977,1,3328.0631,6,Barton Cox,Amityville,NY
1177,1,3302.1733999999997,3,Charlesetta Soto,Poughkeepsie,NY
951,1,3292.427,6,Steve Bender,Scarsdale,NY
722,1,3292.0045999999998,8,Camila Carroll,San Antonio,TX
185,1,3290.7715,3,Morton Lee,San Angelo,TX
1184,1,3287.322,9,Annabelle Hebert,Spring Valley,NY
873,1,3278.054,7,Patience Clayton,Niagara Falls,NY
132,1,3271.8135,4,Boyd Irwin,Hamburg,NY
470,1,3270.2309999999998,5,Loise Walker,Shirley,NY
954,1,3269.9827,2,Hassan Nash,Hicksville,NY
1416,1,3254.9907,1,Miranda Kennedy,Astoria,NY
358,1,3247.248,6,Kandace Giles,Wantagh,NY
1352,1,3243.7534,5,Dorothea Miranda,Upland,CA
899,1,3239.982,2,Carisa Carpenter,Victoria,TX
498,1,3238.9624000000003,4,Edda Young,North Tonawanda,NY
820,1,3229.9525,5,Sandy Mills,Schenectady,NY
1154,1,3227.391,3,Barry Albert,Auburn,NY
348,1,3223.1839999999997,3,Darren Witt,Coachella,CA
1082,1,3199.9919999999997,1,Divina Madden,Long Beach,NY
353,1,3196.2044,4,Tisa Whitney,Monsey,NY
429,1,3194.082,3,Emmett Casey,Valley Stream,NY
653,1,3191.9525,5,Florencio Davenport,Jamestown,NY
1059,1,3185.9454,6,Season Harvey,East Northport,NY
1252,1,3181.5405,2,Adriene Rollins,Plainview,NY
1145,1,3172.4449,6,Deandrea Vega,Yonkers,NY
582,1,3168.5541000000003,5,Soledad Moses,Jackson Heights,NY
1068,1,3167.9562,5,Doris Kaufman,Duarte,CA
764,1,3163.0425999999998,5,Terrell Mathis,Selden,NY
618,1,3159.926,9,Skye Pope,Richmond Hill,NY
1326,1,3155.9565000000002,5,Tarra Guerrero,Auburn,NY
427,1,3149.991,1,Latonya Dixon,Garland,TX
832,1,3146.4644999999996,4,Pamala Fowler,Ballston Spa,NY
1208,1,3144.3269999999998,6,Leila Barr,Carmel,NY
303,1,3136.0432,4,Rolanda Larsen,Woodhaven,NY
1167,1,3126.6414,2,Ryan Carter,Nanuet,NY
1218,1,3126.6414,2,Donovan Cantrell,Oakland,CA
1267,1,3126.6414,2,Earline Gordon,Ronkonkoma,NY
1032,1,3121.4817,2,Vernon Knowles,Huntington Station,NY
102,1,3121.132,3,Marisol Goodman,Canandaigua,NY
1160,1,3110.8567000000003,5,Efren Whitfield,Euless,TX
628,1,3105.9644,4,Ehtel Cobb,Lockport,NY
434,1,3092.9448,6,Douglass Little,Duarte,CA
480,1,3074.2065000000002,7,Garland Weaver,Amsterdam,NY
712,1,3065.9825,2,Kecia Olsen,Santa Cruz,CA
273,1,3056.9624000000003,4,Queenie Vance,Ozone Park,NY
1030,1,3049.983,2,Saran Moses,Brooklyn,NY
518,1,3039.9809999999998,2,Homer Powers,Palos Verdes Peninsula,CA
679,1,3038.3214000000003,6,Tuan Wolfe,West Babylon,NY
1127,1,3032.982,2,Waldo Hart,Queensbury,NY
214,1,3032.7401,7,Ross Pugh,North Tonawanda,NY
1049,1,3027.0319,3,Marcelino Mcbride,Clifton Park,NY
507,1,3022.8714999999997,3,Sheree Pena,Staten Island,NY
941,1,3018.2852,5,Danyell Dickerson,Central Islip,NY
355,1,3015.9719,3,Arvilla Weiss,Bay Shore,NY
1404,1,3015.3129,6,Loyce Conway,Central Islip,NY
1413,1,3014.3239999999996,4,Ophelia Decker,New Windsor,NY
129,1,3011.4809999999998,2,Walton Dejesus,Lockport,NY
1287,1,2991.759,5,Victor Pittman,Astoria,NY
580,1,2975.9907,1,Mellisa Kim,Los Angeles,CA
1304,1,2966.6442,6,Tama Berg,Hollis,NY
174,1,2963.9809999999998,2,Babara Ochoa,Scarsdale,NY
412,1,2963.9809999999998,2,Dexter Roberts,Sunnyside,NY
497,1,2958.3021,3,Ezra Fowler,Nanuet,NY
307,1,2942.982,2,Fransisca Nicholson,Glendora,CA
1281,1,2932.4811999999997,2,Marlen Dawson,Woodside,NY
1400,1,2928.6839999999997,4,Shayla Hart,Woodhaven,NY
1375,1,2915.108,6,Carlena Salinas,Jamaica,NY
669,1,2899.4846,6,Willis Randolph,Harlingen,TX
771,1,2891.7542,5,Agnes Sims,Buffalo,NY
1033,1,2889.8561,5,Jeannette Skinner,Forest Hills,NY
1285,1,2881.14,2,Garth Huff,Glendora,CA
982,1,2877.7652,4,Orval Hunter,San Angelo,TX
799,1,2873.94,7,India Barron,Huntington,NY
979,1,2867.275,5,Ingeborg Ellison,Ithaca,NY
489,1,2853.9629999999997,4,Kirstie Vazquez,Saratoga Springs,NY
1055,1,2849.9905,1,Hildegarde Christensen,Maspeth,NY
1105,1,2843.0734,6,Armando Black,Richardson,TX
333,1,2840.0461,6,Ami Mcmahon,Sunnyside,NY
1140,1,2835.5514000000003,3,Penney Hall,Liverpool,NY
1379,1,2834.8444,6,Dorine Thornton,Sunnyside,NY
667,1,2827.9494000000004,6,Etsuko Garrison,Richmond Hill,NY
204,1,2813.5587,6,Alpha King,Rockville Centre,NY
1029,1,2804.1440000000002,6,Ping Quinn,Rowlett,TX
1185,1,2801.932,8,Corine Stuart,Clifton Park,NY
1197,1,2800.2975,6,Nakisha Clay,Port Washington,NY
1108,1,2793.0481,6,Bao Wade,Desoto,TX
439,1,2789.9907,1,Sunshine Rosario,Jamaica,NY
380,1,2787.959,7,Alesia Horne,Selden,NY
1216,1,2780.547,6,Elvina Gates,Pleasanton,CA
106,1,2770.9629999999997,4,Raul Melendez,Elmhurst,NY
326,1,2768.3634,6,Shiela Calderon,Rocklin,CA
520,1,2754.9905,1,Andreas Herman,Mount Vernon,NY
892,1,2754.9905,1,Alissa Craft,Ossining,NY
198,1,2749.3474,6,Luis Tyler,Amarillo,TX
737,1,2748.7464,6,Melita Dominguez,Auburn,NY
519,1,2747.2395,7,Rudolf Gilliam,Palos Verdes Peninsula,CA
1058,1,2743.984,2,Aisha Woods,Webster,NY
987,1,2738.2497,6,Louis Powell,Staten Island,NY
1275,1,2726.4905,2,Lenita Bonner,Los Banos,CA
790,1,2719.4764,5,Petronila Gallegos,Howard Beach,NY
103,1,2718.3920000000003,3,Sylvie Wilkerson,Syosset,NY
1271,1,2717.964,4,Roy Chan,Pomona,CA
828,1,2716.765,4,Renato Morton,Mount Vernon,NY
1229,1,2707.8278,8,Carina Lynch,Wappingers Falls,NY
1210,1,2705.007,5,Shawnna Frank,Woodside,NY
650,1,2701.1742,4,Rita Bailey,Ossining,NY
323,1,2699.991,1,Jeniffer Slater,Schenectady,NY
1272,1,2699.991,1,Houston Vasquez,Fullerton,CA
1432,1,2696.9907,1,Zona Cameron,East Northport,NY
299,1,2687.1434,6,Jame Riggs,Bay Shore,NY
266,1,2681.957,5,Myung Hooper,Elmont,NY
953,1,2681.1565,7,Kattie Stevenson,Helotes,TX
1335,1,2672.6926,4,Corina Lynch,Rosedale,NY
1183,1,2664.9644,6,Kim Clark,Merrick,NY
243,1,2658.7627,4,Natosha Rowland,Ballston Spa,NY
256,1,2658.1454,6,Erma Salinas,Merrick,NY
1075,1,2653.073,5,Dann Huff,Huntington Station,NY
1128,1,2643.2447,6,Bea Kane,Mahopac,NY
636,1,2635.122,4,Ashton Lott,Floral Park,NY
1394,1,2615.976,3,Genny Fields,Amityville,NY
735,1,2605.2824,4,Aide Franco,Atwater,CA
632,1,2599.168,5,Yvette Rogers,Franklin Square,NY
1388,1,2559.9919999999997,1,Nanette Harris,East Meadow,NY
201,1,2548.9732,7,Candis Harding,Ballston Spa,NY
98,1,2546.4665,4,Violet Valenzuela,Plattsburgh,NY
1384,1,2518.1494000000002,6,Elmo Sweeney,San Carlos,CA
757,1,2511.4647,3,Lamar Greer,Levittown,NY
1123,1,2509.946,6,Raphael O'Neil,Fairport,NY
562,1,2509.881,2,Alejandro Norman,Upland,CA
542,1,2501.764,4,Timothy Byers,Ronkonkoma,NY
207,1,2500.4381000000003,7,Michel Blankenship,Forney,TX
872,1,2497.9559,5,Silas Tate,Corpus Christi,TX
262,1,2484.4274,6,Rubin Decker,Buffalo,NY
180,1,2478.4,2,Karey Steele,Farmingdale,NY
1266,1,2474.9727000000003,3,Myrl Gay,Garland,TX
1264,1,2469.9585,5,Devin Velazquez,Brentwood,NY
1351,1,2465.4572,5,Carman Hardy,Jamestown,NY
706,1,2452.948,6,Lolita O'Neill,Massapequa Park,NY
552,1,2449.7545999999998,5,Lea Key,Banning,CA
495,1,2446.941,7,Travis Goodman,Los Banos,CA
988,1,2432.9444,6,Vanda Holmes,Syosset,NY
795,1,2431.165,5,Mariam Miranda,Franklin Square,NY
385,1,2427.9567,5,Rochelle Ward,Glendora,CA
639,1,2420.553,3,Ronald Parsons,Maspeth,NY
818,1,2419.7634,4,Joel Wynn,San Diego,CA
1381,1,2414.9629999999997,4,Mercedez Brooks,Duarte,CA
936,1,2411.4715,4,Sherilyn Wilcox,Ossining,NY
1282,1,2402.4759999999997,6,Alexis Mack,New City,NY
393,1,2379.973,3,Gertrude Terry,Upland,CA
777,1,2379.4635,4,Ilda Roberson,Kingston,NY
250,1,2371.1624,4,Ivonne Yang,El Paso,TX
1104,1,2362.1628,4,Khalilah Robertson,Spring Valley,NY
1121,1,2360.3907,3,Shasta Combs,Yorktown Heights,NY
467,1,2357.9642,4,Clare Neal,Mahopac,NY
510,1,2346.6624,4,Faustino Delacruz,South Richmond Hill,NY
319,1,2337.4625,4,Justin Newton,Apple Valley,CA
131,1,2335.5207,3,Tanesha Hampton,Syosset,NY
1323,1,2333.3559999999998,5,Ebony Cotton,West Babylon,NY
1039,1,2329.576,3,Bee Baker,Liverpool,NY
287,1,2320.5564,7,Mireille Puckett,Oxnard,CA
1380,1,2319.9919999999997,1,Eliz Lynch,Uniondale,NY
139,1,2319.9759999999997,3,Wanita Davenport,Spring Valley,NY
1308,1,2319.968,4,Shea Howell,South El Monte,CA
1399,1,2319.7538999999997,5,Angelika Perry,Canandaigua,NY
502,1,2312.4447,6,Malinda Baxter,Whitestone,NY
967,1,2309.3035,5,Laurette Hebert,Canandaigua,NY
408,1,2297.7575,5,Edra Fitzgerald,Central Islip,NY
1181,1,2283.8072,5,Agustina Lawrence,Brooklyn,NY
402,1,2282.965,4,Kerrie Morton,Pittsford,NY
1251,1,2259.3407,7,Nanette Roman,Glendora,CA
315,1,2258.1215,6,Justina Jenkins,Baldwin,NY
817,1,2252.915,5,Zelda Pratt,Lancaster,NY
939,1,2230.5485,6,Maximina Hutchinson,Corpus Christi,TX
1278,1,2228.2451,6,Loan Graham,Jackson Heights,NY
575,1,2222.8722,3,Laurence Christian,Jamaica,NY
1027,1,2217.6427000000003,4,Shanita Wiley,Saint Albans,NY
759,1,2214.0537,5,Cira Downs,Oakland,CA
770,1,2208.9745000000003,3,Lavonda Stephenson,Bay Shore,NY
1046,1,2205.7557,7,Dane Mcdaniel,Canandaigua,NY
1401,1,2200.9444,6,Willetta Murphy,East Elmhurst,NY
436,1,2200.8641,4,Honey Camacho,Bayside,NY
546,1,2197.9500000000003,6,Thad Castro,Brentwood,NY
553,1,2197.892,3,Rory Cooper,Rocklin,CA
789,1,2195.5747,4,Tad Gardner,Niagara Falls,NY
1331,1,2195.0517,3,Divina Reeves,Newburgh,NY
1087,1,2190.566,4,Willow Gardner,Pleasanton,CA
324,1,2165.0816999999997,4,Laureen Paul,Bellmore,NY
241,1,2157.916,5,Manie Sanchez,Queensbury,NY
1045,1,2155.172,5,Pasquale Hogan,Vista,CA
376,1,2136.531,3,Elanor Patrick,Victoria,TX
938,1,2135.0624000000003,4,Emory O'Connor,Rochester,NY
1217,1,2133.9264,7,Carlie Terrell,Yonkers,NY
1179,1,2123.5632,4,Vernetta Banks,Brooklyn,NY
1231,1,2119.259,5,Selene Vega,Campbell,CA
466,1,2113.584,2,Collen Hayes,Smithtown,NY
668,1,2100.9224999999997,3,Calandra Stanton,Lake Jackson,TX
909,1,2099.9637000000002,4,Alita Salinas,Uniondale,NY
1409,1,2093.4135,5,Lamar Bush,Buffalo,NY
584,1,2090.6642,6,Lynne Anderson,El Paso,TX
1250,1,2083.1605,3,Neoma Daugherty,Mount Vernon,NY
190,1,2082.1435,6,Toya Pratt,Long Beach,NY
1234,1,2069.4549,5,Joshua Berg,Ossining,NY
189,1,2069.3725,3,Damian Dawson,Liverpool,NY
620,1,2065.9827,2,Eric Hardin,Jamaica,NY
1182,1,2052.3520000000003,6,Trinidad Chapman,Ronkonkoma,NY
1429,1,2042.0634,5,Lorrie Justice,Pomona,CA
1367,1,2032.4445,6,Lucile Manning,Campbell,CA
1193,1,2024.0637,4,Phebe Soto,South Ozone Park,NY
1187,1,2013.9650000000001,4,Kenyetta Mason,Flushing,NY
845,1,2011.4626,4,Kathyrn Bush,Bronx,NY
855,1,2008.7628,4,Lean Stark,Upland,CA
1385,1,2006.0629,6,Kenton Hughes,Canandaigua,NY
431,1,1999.3494,6,Luciano Marsh,Bellmore,NY
359,1,1990.1628,4,Angie Powers,Pomona,CA
1226,1,1988.0501,8,Qiana Jackson,East Northport,NY
680,1,1987.966,4,Mathilda Pennington,New City,NY
797,1,1984.073,4,Cathey Lamb,Bayside,NY
932,1,1973.7314,3,Yvonne Bean,Wappingers Falls,NY
854,1,1972.9624,4,Phylis Adkins,New York,NY
357,1,1970.5907,5,Sheri Cole,San Jose,CA
944,1,1964.081,3,Tonja Henderson,Scarsdale,NY
1355,1,1961.0811999999999,2,Thad Gilliam,Levittown,NY
1114,1,1951.3474,6,Douglass Blankenship,Albany,NY
1000,1,1950.5749999999998,3,Shiloh Reeves,West Babylon,NY
548,1,1949.6365,5,Dori Alvarez,Kingston,NY
825,1,1934.9634,4,Kristel Byrd,Hicksville,NY
331,1,1929.514,7,Aleta Mack,Bay Shore,NY
796,1,1926.5810000000001,4,Rosalie Coffey,Upland,CA
1173,1,1904.4585000000002,5,Chanel May,Garden City,NY
556,1,1902.5629000000001,4,Vernell Goff,Monroe,NY
708,1,1899.981,2,Majorie Glover,Apple Valley,CA
449,1,1894.541,2,Josie Schultz,Canyon Country,CA
1232,1,1891.1125,5,Jong Guthrie,Bethpage,NY
940,1,1885.8838999999998,4,Marina Hinton,Encino,CA
1107,1,1868.9634,4,Lynda Newman,Saratoga Springs,NY
811,1,1863.966,4,Shanti Johnston,Staten Island,NY
1363,1,1860.5825,3,Nestor Haynes,Houston,TX
962,1,1856.6117,3,Maple Griffin,Copperas Cove,TX
1407,1,1856.075,3,Hugh Craft,Centereach,NY
935,1,1850.0567,5,Genevie Miles,Monroe,NY
430,1,1847.0647,4,Kandi Mcneil,Massapequa Park,NY
1117,1,1845.882,2,Jeffrey Hill,Rosedale,NY
913,1,1841.6217,4,Liliana Kerr,Desoto,TX
261,1,1837.4717,3,Ferne Kline,Fullerton,CA
638,1,1832.0628000000002,4,Tomeka Higgins,Poughkeepsie,NY
1299,1,1831.1814,4,Shauna Edwards,Yorktown Heights,NY
1410,1,1829.6655,6,Lurlene Finch,Yonkers,NY
1343,1,1818.4544999999998,5,Jama Rodriquez,Upland,CA
1386,1,1806.4125000000001,5,Cesar Wilkins,San Diego,CA
1038,1,1805.966,4,Garry Juarez,Forest Hills,NY
858,1,1804.8564999999999,5,Klara Kim,Rome,NY
343,1,1800.4814999999999,2,Jesica Fields,Commack,NY
1016,1,1797.975,3,Shenna Benton,New York,NY
914,1,1793.7574,5,Hortencia O'Neil,Rockville Centre,NY
1047,1,1786.4650000000001,4,Jamaal Baker,Elmhurst,NY
710,1,1765.1307000000002,3,Ezra Silva,New Windsor,NY
535,1,1759.976,3,Inge Olsen,Long Beach,NY
365,1,1758.5140000000001,5,Rodger Rojas,Bayside,NY
232,1,1755.3725,3,Freddie Mathis,Euless,TX
629,1,1754.146,6,Evelina Byrd,Buffalo,NY
814,1,1754.0464000000002,6,Ghislaine Compton,Lindenhurst,NY
1180,1,1753.7717,3,Myrtle Gardner,Farmingdale,NY
1198,1,1745.964,4,Cheryll Snyder,Brooklyn,NY
1371,1,1734.9325,2,Pandora Estes,New Hyde Park,NY
254,1,1716.553,5,Cristobal Hutchinson,Lawndale,CA
416,1,1709.3652,4,Luke Fuller,Hempstead,NY
933,1,1708.3719,4,Lurline Rivers,Howard Beach,NY
1431,1,1705.9632000000001,4,Mark Benton,East Elmhurst,NY
563,1,1703.6815000000001,4,Rodney Odom,Richmond Hill,NY
1212,1,1697.9717,3,Jaqueline Cummings,Huntington Station,NY
834,1,1694.0557000000001,5,Brain Skinner,Euless,TX
745,1,1692.5721,3,Carolyne Conley,Floral Park,NY
1194,1,1692.537,5,Leticia Snyder,Pittsford,NY
456,1,1690.6635,4,Serina Hensley,Jamaica,NY
392,1,1681.974,3,Cyndi Bush,Elmhurst,NY
1393,1,1681.4809999999998,2,Vivian Deleon,Jamaica,NY
678,1,1673.9907,1,Myron Johns,Whitestone,NY
816,1,1669.9825,2,Marshall Johnson,Vista,CA
318,1,1662.0538999999999,5,Eliz Whitney,Fullerton,CA
590,1,1655.0719,3,Cyndi Dyer,Baldwin,NY
731,1,1652.981,2,Hilary Savage,Oxnard,CA
1405,1,1649.9724999999999,3,Thanh Figueroa,Mount Vernon,NY
591,1,1646.3814000000002,4,Danilo Holmes,Hicksville,NY
740,1,1644.5165000000002,5,Gwenn Melton,Centereach,NY
485,1,1635.5468,6,Catherine Miles,East Elmhurst,NY
1338,1,1626.7824999999998,2,Inez Snider,Ronkonkoma,NY
267,1,1625.963,4,Angelina Lloyd,Apple Valley,CA
371,1,1619.991,1,Loni Duncan,Rosedale,NY
1076,1,1619.991,1,Sherise Mercer,Vista,CA
1309,1,1619.991,1,Kimberli Cline,Centereach,NY
419,1,1613.3946999999998,4,Krystin Marshall,Poughkeepsie,NY
911,1,1611.0747000000001,3,Nikita Roy,Pittsford,NY
433,1,1601.3717000000001,3,Holly Nieves,Longview,TX
291,1,1600.093,5,Boyce Burks,Sunnyside,NY
445,1,1599.984,2,Earline Ballard,Mount Vernon,NY
1327,1,1599.984,2,Consuela Romero,Monroe,NY
1109,1,1595.6657,4,Gussie Harding,Deer Park,NY
1339,1,1590.8534,3,Neida King,Oceanside,NY
698,1,1585.156,5,Charleen Joyner,Corona,NY
1243,1,1582.1634,4,Heide Reed,Floral Park,NY
264,1,1577.0717,3,Mariela Huffman,Garden City,NY
1106,1,1576.782,2,Jerri Henry,Spring Valley,NY
1155,1,1567.4715,3,Verdell Joyner,Far Rockaway,NY
219,1,1567.173,3,Darcie Morgan,Oceanside,NY
707,1,1559.9724999999999,3,Terese Briggs,Woodside,NY
570,1,1556.7828,4,Marissa Summers,Saint Albans,NY
621,1,1553.965,4,Basil Ballard,San Lorenzo,CA
841,1,1546.384,2,Manie Maxwell,Ronkonkoma,NY
317,1,1543.7628,4,Christia Wilkins,Woodside,NY
1256,1,1538.964,4,Nubia Anderson,Ronkonkoma,NY
369,1,1536.1215,3,Mary Singleton,Woodside,NY
1434,1,1530.963,4,Elana Miles,Liverpool,NY
763,1,1525.1628,4,Han Schneider,Elmhurst,NY
876,1,1525.1539,5,Onita Macdonald,Glen Cove,NY
523,1,1519.981,2,Joshua Robertson,Patchogue,NY
483,1,1519.2,1,Gayla Sims,Lindenhurst,NY
927,1,1516.3400000000001,4,Guillermo Hart,New York,NY
589,1,1512.891,1,Jeffry Church,Pleasanton,CA
1305,1,1509.4727,5,Dalia Carson,Rochester,NY
635,1,1502.963,4,Myrtie James,Merrick,NY
942,1,1499.9719,3,Davis Long,Lancaster,NY
516,1,1499.966,4,Rosa Kinney,Brooklyn,NY
1389,1,1499.382,2,Ulrike Chan,Port Chester,NY
222,1,1497.4827,2,Anya Contreras,East Northport,NY
494,1,1494.9554,5,Pearl Fox,Uniondale,NY
424,1,1490.2907,2,Charleen Hurst,Utica,NY
835,1,1485.4635,4,Roseanne Maynard,Euless,TX
211,1,1472.481,2,Gilma Dejesus,Scarsdale,NY
290,1,1467.9554,5,Barry Buckner,Centereach,NY
930,1,1464.2552,5,Delana Wagner,Clifton Park,NY
438,1,1455.974,3,Katharine Herrera,Queensbury,NY
487,1,1450.0230000000001,4,Grace Madden,San Pablo,CA
1222,1,1441.165,4,Geraldine O'Donnell,Flushing,NY
253,1,1439.984,2,Maurice Norton,Atwater,CA
699,1,1422.963,4,Zella Fernandez,Rockville Centre,NY
596,1,1422.4825,4,Emelda Dickerson,Hamburg,NY
980,1,1416.5729999999999,3,Carter Booth,Port Chester,NY
1420,1,1407.552,3,Kelsey Noble,Mount Vernon,NY
101,1,1405.962,4,Nichelle Howell,Scarsdale,NY
674,1,1402.774,3,Ira Moore,Saratoga Springs,NY
1444,1,1399.976,3,Ivette Estes,Canandaigua,NY
822,1,1396.4905,1,Kristy Watkins,Howard Beach,NY
158,1,1395.1624,4,Alane Kennedy,Spring Valley,NY
968,1,1394.9907,1,Jonna Brown,Mahopac,NY
476,1,1394.9814000000001,2,Christopher Richardson,Santa Cruz,CA
1383,1,1392.2730000000001,3,Desire Mcgowan,Bakersfield,CA
1253,1,1390.4733999999999,3,Susannah Fields,Far Rockaway,NY
720,1,1389.772,3,Devin Shaffer,Rochester,NY
465,1,1382.972,3,Birdie Kramer,Troy,NY
397,1,1378.182,3,Jeannie Wilcox,Franklin Square,NY
1204,1,1372.4719,3,Leslie Higgins,Saratoga Springs,NY
1017,1,1368.0717,3,Philip Bryan,Oakland,CA
387,1,1367.984,2,Kaila Walters,Elmhurst,NY
881,1,1367.0907,1,Chloe Patel,Santa Monica,CA
634,1,1364.944,4,Taylor Cole,Carmel,NY
1356,1,1359.976,3,Inger Jennings,Patchogue,NY
647,1,1353.748,6,Janelle Maldonado,Richmond Hill,NY
843,1,1351.7224,4,Tessie Farmer,Plattsburgh,NY
741,1,1349.982,2,Laci Castro,Saint Albans,NY
874,1,1344.792,1,Mila Good,Plattsburgh,NY
414,1,1337.0817,2,Romaine Haley,Ithaca,NY
399,1,1331.9734,3,Bart Hess,Kingston,NY
921,1,1328.6529,5,Evelin Vargas,Webster,NY
868,1,1311.2907,1,Domingo Casey,San Jose,CA
750,1,1307.6225,4,Romaine Salazar,Monsey,NY
458,1,1304.975,3,Everett Vega,Holbrook,NY
915,1,1301.4715,3,Beryl Bennett,Sacramento,CA
1345,1,1287.5737,3,Arie Hunter,Flushing,NY
1293,1,1285.9717,3,Sally Kinney,Floral Park,NY
949,1,1279.0627,4,Venessa Frost,Scarsdale,NY
511,1,1277.966,4,Julienne Moody,Fort Worth,TX
879,1,1276.975,3,Ethelyn Ray,Garden City,NY
664,1,1272.7839999999999,2,Augustus Schmidt,Corona,NY
630,1,1265.9724,3,Zulema Browning,Amsterdam,NY
928,1,1264.9827,2,Joann Barber,Santa Monica,CA
148,1,1260.973,3,Julee Woodard,Richmond Hill,NY
769,1,1258.972,3,Agatha Melton,Springfield Gardens,NY
1053,1,1257.972,3,Parthenia Figueroa,Mahopac,NY
1143,1,1256.091,3,Sommer Hopkins,Tonawanda,NY
183,1,1254.9405,1,Jeniffer Ratliff,Floral Park,NY
623,1,1253.981,2,Cayla Johnson,Coram,NY
311,1,1250.8637,4,Charise Burt,Fresno,CA
1110,1,1249.972,3,Shirely Cantrell,West Hempstead,NY
405,1,1245.973,3,Greta Page,Commack,NY
1294,1,1243.7847000000002,3,Edith Davenport,Ontario,CA
1361,1,1240.1840000000002,4,Destiny Goodman,Westbury,NY
305,1,1238.566,4,Hope Cotton,Redondo Beach,CA
1412,1,1234.9715,3,Adrien Hunter,Rego Park,NY
1002,1,1233.6722,3,Cami Williamson,Massapequa,NY
573,1,1229.092,3,Rubye Mccall,Troy,NY
1186,1,1228.5207,1,Kiesha Bond,San Carlos,CA
812,1,1227.5814,2,Martha Burgess,Woodhaven,NY
902,1,1217.2640000000001,4,Elease Dejesus,Oswego,NY
1170,1,1210.2715,3,Mechelle Chan,Richmond Hill,NY
1013,1,1209.4747000000002,3,Alma Peck,Corona,NY
294,1,1208.4825,2,Clementina Sargent,Rome,NY
504,1,1200.542,4,Tiana Henderson,Franklin Square,NY
341,1,1199.984,2,Delana Scott,Mount Vernon,NY
1387,1,1199.984,2,Phylicia Stout,Canandaigua,NY
974,1,1197.0725,3,Marcell Barrett,Astoria,NY
522,1,1196.9665,4,Tammera Fischer,Oakland,CA
784,1,1194.2817,2,Debbra Jacobson,Ballston Spa,NY
791,1,1189.9825,2,Yun Nelson,Ballston Spa,NY
772,1,1174.5654,4,Latricia Lindsey,Yorktown Heights,NY
283,1,1172.9724,3,Jaimee Day,Poughkeepsie,NY
321,1,1165.0810000000001,3,Chere Hardin,Brooklyn,NY
164,1,1139.981,2,Tomika Larson,Woodside,NY
398,1,1139.981,2,Suellen Mercado,Sunnyside,NY
406,1,1139.981,2,Kerrie O'Neill,Shirley,NY
475,1,1139.981,2,Alec Peck,Victoria,TX
992,1,1139.962,4,Chere Alston,Patchogue,NY
209,1,1127.992,1,Jutta Everett,Selden,NY
1073,1,1115.9814000000001,2,Leeanne Cross,Bayside,NY
1241,1,1115.9814000000001,2,Nathaniel Davidson,Rome,NY
244,1,1113.2655,4,Jessika Bray,San Pablo,CA
1035,1,1104.4745,3,Tangela Hurley,Campbell,CA
248,1,1101.683,2,Cecelia Gill,Mcallen,TX
1292,1,1099.4814999999999,2,Lakenya Oliver,San Lorenzo,CA
265,1,1096.1817,2,Mellisa Farley,Central Islip,NY
656,1,1094.975,3,Romana Barnes,Floral Park,NY
947,1,1082.9715,3,Angele Castro,Palos Verdes Peninsula,CA
1061,1,1076.9307000000001,3,Alanna Barry,Euless,TX
1074,1,1072.1624,4,Lanelle Guerra,Floral Park,NY
978,1,1064.682,2,Diana Reyes,Bronx,NY
652,1,1063.8921,3,Tilda Melton,Troy,NY
956,1,1060.553,3,Venus Hewitt,Farmingdale,NY
1064,1,1060.1721,3,Patsy Russo,Rowlett,TX
1116,1,1055.984,2,Patria Harper,Astoria,NY
1318,1,1052.972,3,Tisha Petty,San Antonio,TX
588,1,1052.963,4,Cherelle Key,Valley Stream,NY
477,1,1044.981,2,Arminda Weber,Bellmore,NY
1011,1,1042.1724,3,Sebrina Gross,Garland,TX
1044,1,1041.5814,2,Zenia Bruce,Rosedale,NY
869,1,1037.3715,3,Rodrigo Durham,Richmond Hill,NY
849,1,1034.2827,3,Phyllis Hill,Syosset,NY
286,1,1026.7014,2,Virgil Frost,Levittown,NY
300,1,1023.984,2,Rayford Simon,Mountain View,CA
753,1,1022.9814,2,Mandi Gibbs,East Elmhurst,NY
981,1,1022.9814,2,Christel Cardenas,Long Beach,NY
1099,1,1019.963,4,Jewell Reyes,Jackson Heights,NY
695,1,1006.981,2,Christoper Gould,Shirley,NY
719,1,1006.981,2,Nicki Fry,Endicott,NY
284,1,1001.6117,3,Susann Bass,Commack,NY
1139,1,999.4825,2,Gabriella Jones,Mount Vernon,NY
1377,1,997.1723999999999,3,Johana Jacobson,Rochester,NY
617,1,993.2214,2,Jenna Saunders,Yorktown Heights,NY
851,1,992.965,4,Arlena Buckner,New Hyde Park,NY
1364,1,989.991,1,Grisel Maynard,Ballston Spa,NY
766,1,989.982,2,Lecia Hancock,Schenectady,NY
830,1,989.982,2,Edmund Gaines,Copperas Cove,TX
852,1,989.982,2,Lezlie Thompson,Freeport,NY
1221,1,989.982,2,Joy Underwood,Apple Valley,CA
1366,1,989.982,2,Trena Rogers,Campbell,CA
704,1,988.4817,2,Morton Barron,Bakersfield,CA
468,1,962.973,3,Jeanett Herman,Lindenhurst,NY
585,1,959.984,2,Chasidy Webster,Rocklin,CA
733,1,959.984,2,Doreatha Ford,Huntington,NY
1288,1,959.984,2,Allie Conley,Lawndale,CA
743,1,954.9825000000001,2,Tania Swanson,Longview,TX
561,1,953.982,2,Kandace Hughes,San Lorenzo,CA
325,1,949.9905,1,Berna Moore,Bronx,NY
373,1,949.981,2,Mariette Trevino,Utica,NY
889,1,949.1727,3,Lucilla Williams,San Carlos,CA
572,1,930.981,2,Wm Pope,Auburn,NY
785,1,929.9814,2,Kandis Mills,Hamburg,NY
1025,1,927.9839999999999,2,Daphine Willis,Farmingdale,NY
926,1,926.091,2,Katina Mcintosh,Bakersfield,CA
1255,1,923.0727,3,Ben Stone,Ithaca,NY
193,1,914.9670000000001,4,Ayanna Rhodes,Hicksville,NY
957,1,912.273,3,Stephen Vega,Anaheim,CA
775,1,908.076,4,Kermit Hyde,Patchogue,NY
1008,1,892.981,2,Berneice Pollard,Forney,TX
1098,1,889.5840000000001,2,Treasa Dickerson,Rockville Centre,NY
381,1,888.2814000000001,3,Kristen Alvarez,Bronx,NY
271,1,879.984,2,Katheleen Marks,Longview,TX
683,1,879.984,2,Amparo Burks,Merrick,NY
389,1,877.9812000000001,2,Leif Short,San Angelo,TX
422,1,872.0820000000001,3,Valery Saunders,Victoria,TX
382,1,861.0117,2,Collin Webster,Howard Beach,NY
1325,1,854.191,2,Magdalena Sherman,Oswego,NY
659,1,853.1,2,Antonetta Rocha,Port Chester,NY
792,1,847.984,2,Edgar Horn,West Babylon,NY
528,1,845.982,2,Angele Schroeder,New City,NY
829,1,845.982,2,Marcy Rodriguez,Lockport,NY
884,1,845.982,2,Willian Hardin,Oswego,NY
633,1,845.182,3,Kiara Deleon,Anaheim,CA
604,1,837.9827,2,Kylee Dickson,Amityville,NY
847,1,836.9814,2,Lizette Ellison,Port Washington,NY
1094,1,824.9815,2,Keitha Black,Lindenhurst,NY
229,1,814.6707,1,Molly Langley,Holbrook,NY
729,1,799.992,1,Hue Dalton,Apple Valley,CA
1168,1,799.992,1,Almeta Benjamin,Sunnyside,NY
1402,1,799.992,1,Sandee Alvarado,Depew,NY
602,1,799.984,2,Delaine Estes,Amarillo,TX
1157,1,797.94,2,Anton Barton,Buffalo,NY
1337,1,773.9817,2,Bernetta Summers,Longview,TX
642,1,772.2,2,Yang Roth,Webster,NY
1079,1,758.9827,2,Cindi Ellis,Floral Park,NY
377,1,755.972,3,Klara Mosley,Port Chester,NY
336,1,754.5812,2,Trisha Johnson,Lancaster,NY
1092,1,753.5840000000001,2,Lavinia Cotton,East Northport,NY
154,1,751.984,2,Jenise Preston,Helotes,TX
166,1,751.984,2,Lena Mills,Woodhaven,NY
368,1,751.984,2,Alysha Powers,Forest Hills,NY
409,1,728.973,3,Jerome Bolton,Carmel,NY
697,1,728.973,3,Alane Mccarty,San Diego,CA
846,1,728.973,3,Sylvester Chan,Rocklin,CA
114,1,727.9839999999999,2,Thalia Horne,Amityville,NY
137,1,723.8905,1,Shonta Mercer,Massapequa,NY
249,1,723.8905,1,Magda Eaton,Ossining,NY
455,1,719.984,2,Sherita Cherry,Liverpool,NY
1077,1,718.4,2,Heather Perry,Sunnyside,NY
501,1,712.4905,1,Tony Hicks,Anaheim,CA
901,1,712.4905,1,Lonna Franks,Ontario,CA
1277,1,706.7814,2,Piedad Irwin,Coram,NY
1036,1,700.792,1,Randee Lester,Centereach,NY
508,1,697.4907000000001,1,Vance Taylor,Lancaster,NY
842,1,692.0817,2,Giselle Robles,San Angelo,TX
924,1,683.0747,3,Lea Irwin,New Windsor,NY
943,1,683.0747,3,Lynn Mcmahon,Scarsdale,NY
228,1,674.991,1,Whitney Estes,Brentwood,NY
1428,1,674.991,1,Carola Johns,Santa Cruz,CA
654,1,660.5905,2,Eun Harris,San Diego,CA
891,1,655.984,2,Ashlie Parrish,Monsey,NY
655,1,655.1907,2,Marylyn Browning,Scarsdale,NY
551,1,642.542,2,Jenine Crane,Fort Worth,TX
821,1,633.6245000000001,3,Cassidy Clark,Astoria,NY
302,1,631.6747,3,Hayden Cross,Apple Valley,CA
1270,1,629.982,2,Ciera Webb,Orchard Park,NY
1369,1,620.0920000000001,2,Starr Schneider,Shirley,NY
285,1,613.7907,1,Leola Gould,Astoria,NY
897,1,611.982,2,Bettyann Acosta,Lancaster,NY
1239,1,601.5812000000001,2,Tara Maynard,Lindenhurst,NY
423,1,599.992,1,Johna Powers,Deer Park,NY
418,1,593.991,1,Georgeanna Webster,Oxnard,CA
671,1,583.9760000000001,3,Jennette Baker,Banning,CA
493,1,576.7917,2,Lise Alvarado,Hamburg,NY
471,1,569.9905,1,Burma Summers,Freeport,NY
1357,1,569.981,2,Karren Lamb,Fresno,CA
549,1,557.9907000000001,1,Elmo Arnold,Long Beach,NY
918,1,557.9907000000001,1,Kristel Bullock,Smithtown,NY
658,1,557.9814,2,Nicki Larson,Monsey,NY
1417,1,557.9814,2,Jasper Castro,Forney,TX
1320,1,543.984,2,Obdulia Barber,Newburgh,NY
786,1,539.991,1,Wallace Lane,South Richmond Hill,NY
1176,1,531.981,2,Sheree Blanchard,Queensbury,NY
532,1,527.984,2,Mia Delgado,Coachella,CA
1342,1,527.7812,2,Lekisha Pope,Freeport,NY
1207,1,524.3905,1,Jenell Crosby,Brentwood,NY
370,1,521.9817,2,Jina Cooper,Howard Beach,NY
404,1,519.984,2,Augustus Steele,Ballston Spa,NY
448,1,513.3507,1,Janella Bright,Rochester,NY
622,1,512.981,2,Gabriel Pitts,Clifton Park,NY
676,1,512.981,2,Gayle Wilkinson,Lindenhurst,NY
1146,1,512.981,2,Charlsie Carson,Saint Albans,NY
1228,1,512.981,2,Zulema Clemons,Oakland,CA
684,1,511.4907,1,Jenny Bell,Niagara Falls,NY
1289,1,507.2905,1,Shanelle Anderson,Bethpage,NY
346,1,502.1907,1,Jacalyn Barnett,Maspeth,NY
304,1,502.1814,2,Jayme Zamora,Springfield Gardens,NY
608,1,502.1814,2,Taisha Vang,Shirley,NY
613,1,502.1814,2,Margene Eaton,Wantagh,NY
964,1,502.1814,2,Brent Calderon,Corpus Christi,TX
1130,1,502.1814,2,Benny Bender,Elmont,NY
1297,1,502.1814,2,Vanessa West,New Rochelle,NY
996,1,494.991,1,Serafina Clemons,Shirley,NY
1286,1,494.991,1,Dione Pratt,Pleasanton,CA
1050,1,480.591,1,Rozella Fitzgerald,Shirley,NY
721,1,479.992,1,Erlinda Osborne,West Islip,NY
925,1,474.9905,1,Bryce Monroe,Kingston,NY
1065,1,466.8414,2,Desiree Branch,San Lorenzo,CA
378,1,464.9907,1,Rosalba O'Neal,Mount Vernon,NY
454,1,464.9907,1,Terese Palmer,Bay Shore,NY
767,1,464.9907,1,Twana Arnold,Anaheim,CA
513,1,458.98300000000006,2,Whitney Cash,Hamburg,NY
860,1,451.78200000000004,2,Loni Mullen,South Ozone Park,NY
1022,1,440.991,1,Hye Mercer,Mahopac,NY
258,1,437.0907,1,Maribel William,Torrance,CA
558,1,431.98400000000004,2,Carroll Kelly,Monroe,NY
1095,1,426.55,1,Corene Swanson,Rego Park,NY
130,1,423.992,1,Wes Stanton,Troy,NY
592,1,422.991,1,Joni Lee,Centereach,NY
388,1,418.4907,1,Aleta Stone,Whitestone,NY
857,1,418.4907,1,Inga Koch,New Windsor,NY
804,1,417.9905,1,Douglas Richards,Valley Stream,NY
703,1,398.97,1,Diana Cobb,Fullerton,CA
725,1,396.14050000000003,1,Carola Mcpherson,Rego Park,NY
200,1,391.992,1,Ashely Holmes,Farmingdale,NY
969,1,391.992,1,Jennell Solis,Rochester,NY
586,1,386.1,1,Ulysses Gaines,Monsey,NY
685,1,386.1,1,Laverne Craft,Forest Hills,NY
746,1,386.1,1,Eldridge Greer,Central Islip,NY
446,1,377.982,2,Nathanael Bradley,Amsterdam,NY
452,1,377.982,2,Cassandra Nichols,Hicksville,NY
457,1,377.982,2,Jeni Farley,Richmond Hill,NY
601,1,377.982,2,Leland Mcdowell,Encino,CA
993,1,377.982,2,Giovanna Jefferson,Ridgecrest,CA
141,1,376.79200000000003,1,Ramiro Byers,Saint Albans,NY
693,1,375.992,1,Merlin Foreman,Hempstead,NY
827,1,375.992,1,George Pickett,Sunnyside,NY
451,1,359.2,1,Jennette Wooten,Rowlett,TX
557,1,359.2,1,Erlene Cook,Mount Vernon,NY
1427,1,351.992,1,Mikel Wilkerson,Atwater,CA
805,1,335.98400000000004,2,Phillis Fowler,Clifton Park,NY
776,1,333.592,1,Angelique Merrill,South El Monte,CA
1317,1,325.4907,1,Glady Wells,Syosset,NY
1009,1,314.991,1,Deangelo Cooley,Rosedale,NY
482,1,279.992,1,Narcisa Knapp,Amarillo,TX
1283,1,279.992,1,Mica Barry,Hopewell Junction,NY
1004,1,278.9907,1,Jerald Blackwell,East Elmhurst,NY
342,1,269.991,1,Cassondra Pruitt,Merrick,NY
391,1,269.991,1,Vernita Ball,Los Banos,CA
539,1,269.991,1,Jamika Acevedo,Ozone Park,NY
875,1,269.991,1,Tanesha Sawyer,Rosedale,NY
1336,1,269.991,1,Joe Melton,New Windsor,NY
144,1,256.4905,1,Hans Price,Port Chester,NY
401,1,256.4905,1,Shaunda Barnett,Longview,TX
714,1,256.4905,1,Senaida Thompson,Bronx,NY
363,1,242.991,1,Kaci Gallegos,Ballston Spa,NY
442,1,242.991,1,Alane Munoz,Yonkers,NY
514,1,242.991,1,Clarita Curry,Hollis,NY
677,1,242.991,1,Launa Hull,Helotes,TX
788,1,242.991,1,Lilliam Nolan,Copperas Cove,TX
1166,1,242.991,1,Junita Reese,Bay Shore,NY
1340,1,242.991,1,Tona Velasquez,Whitestone,NY
1142,1,232.4907,1,Britteny Schroeder,Pittsford,NY
347,1,225.89100000000002,1,Kanesha Hudson,Oakland,CA
593,1,208.981,2,Antony Atkinson,Smithtown,NY
221,1,199.99200000000002,1,Clementine Mooney,Mcallen,TX
1414,1,176.6907,1,Sonja Walls,Queensbury,NY
177,1,170.991,1,Carissa Foreman,Maspeth,NY
752,1,170.991,1,Lloyd Miranda,Encino,CA
1111,1,170.991,1,Caroline Jenkins,Richardson,TX
718,1,167.99200000000002,1,Luciana Mcgee,Selden,NY
850,1,104.4905,1,Stephanie Browning,Rowlett,TX
